feature_id,owner,spec_section,legacy_sources,new_module,first_graph_consumer,first_pde_consumer,fixtures,status,notes
core.problem,Core,DOMAIN_INDEPENDENT_CORE.md section 3,lean/StructuralExhaustion/Core/Problem.lean,Core/Problem.lean,EG problem registration,PDE LocalModel,Core primitives fixture,kernel_checked,Separates external target and optional progress
core.progress,Core,DOMAIN_INDEPENDENT_CORE.md section 3,lean/StructuralExhaustion/Core/Problem.lean;lean/StructuralExhaustion/Core/SmallerObject.lean,Core/Progress.lean,EG lexicographic minimality,PDE scale or defect descent,Core primitives fixture,kernel_checked,Optional well-founded measure
core.context,Core,DOMAIN_INDEPENDENT_CORE.md section 3,lean/StructuralExhaustion/Core/Context.lean;lean/StructuralExhaustion/Core/CounterexampleBranch.lean,Core/Context.lean,EG initial residual,PDE root residual,Core primitives fixture,kernel_checked,Branch avoiding and minimal contexts
core.semantic-equivalence,Core,core-3,Graph isomorphism modules,Core/SemanticEquivalence.lean,graph isomorphism,gauge equivalence,CorePrimitives,kernel_checked,
core.proof-ledger,Core,core-4.1,Core/ResidualRefinement.lean,Core/Residual/Ledger.lean,EG root,PDE row chain,ResidualLedger,kernel_checked,
core.typed-query,Core,core-4.1,Core/ResidualRefinement.lean,Core/Residual/Query.lean,EG node 2,PDE row 2,ResidualLedger,kernel_checked,
core.decision,Core,DOMAIN_INDEPENDENT_CORE.md section 4.1;HYPOSTRUCTURE_MIGRATION_GUIDE.md section 11.6,lean/StructuralExhaustion/Core/ResidualRefinement.lean;lean/StructuralExhaustion/Core/FocusedActiveContinuation.lean,Core/Residual/Decision.lean,EG counterexample decision,PDE finite sign toy,binary both-branch fixture,kernel_checked,Framework stores both branches before focus
core.join,Core,DOMAIN_INDEPENDENT_CORE.md section 4.1;HYPOSTRUCTURE_MIGRATION_GUIDE.md section 11.6,lean/StructuralExhaustion/Core/ResidualRefinement.lean,Core/Residual/Join.lean,first EG multi-edge join,PDE local-tail recombination,multi-predecessor compatibility fixture,kernel_checked,Typed join rather than application tuple
core.coordinate-system,Core,core-5,domain coordinate modules,Core/Coordinate/System.lean,graph restriction,PDE recentering,CoordinatesAndAssembly,kernel_checked,
core.coordinate-path,Core,core-5,manual domain composition,Core/Coordinate/Path.lean,graph composite,PDE recenter-rescale,CoordinatesAndAssembly,kernel_checked,
core.coordinate-transport,Core,core-5,manual domain transports,Core/Coordinate/Transport.lean,graph baseline transport,PDE equation transport,CoordinatesAndAssembly,kernel_checked,
core.locality,Core,DOMAIN_INDEPENDENT_CORE.md section 6,,Core/Assembly/Locality.lean,Graph induced support,PDE nested windows,nested restriction fixture,kernel_checked,Domain-neutral windows and restriction
core.atom-context,Core,core-6,Graph boundary replacement,Core/Assembly/AtomContext.lean,graph gluing,local/tail split,CoordinatesAndAssembly,kernel_checked,
core.work-budget,Core,core-9,Core/WorkBudget.lean,Core/Budget/Work.lean,finite graph CT,finite PDE toy,Budgets,kernel_checked,
core.resource-budget,Core,core-9,graph budget modules,Core/Budget/Resource.lean,graph charge,energy/capacity,Budgets,kernel_checked,
core.resource-transcript,Core,pde-8,,Core/Budget/Transcript.lean,graph resource fixture,PDE row 3,PDERows1To4,kernel_checked,
core.continued-decision,Core,core-4.1,Core/ResidualRefinement.lean,Core/Residual/Decision.lean,EG node 5,PDE branch continuation,Decision,kernel_checked,
core.normal-form-class-closure,Core,DOMAIN_INDEPENDENT_CORE.md section 8.1,,Core/NormalForm/ClassClosure.lean,Graph finite classifier,PDE classifier rows,Class closure fixture,kernel_checked,Generic class-closure normal form
core.normal-form-sign-gap,Core,DOMAIN_INDEPENDENT_CORE.md section 8.2,,Core/NormalForm/SignGap.lean,Graph budget split,PDE row 14,Sign-gap fixture,kernel_checked,Generic sign and gap normal form
core.normal-form-equality-rigidity,Core,DOMAIN_INDEPENDENT_CORE.md section 8.3,,Core/NormalForm/EqualityRigidity.lean,Graph rigidity profile,PDE rows 15 and 16,Equality-rigidity fixture,kernel_checked,Generic equality and rigidity normal form
graph.finite-object,Graph,graph-4,Graph/FiniteObject.lean,Graph/Object.lean,EG problem,,GraphBasics,kernel_checked,
graph.finite-views,Graph,graph-4,Graph finite modules,Graph/Finite.lean,EG CT schedules,,GraphBasics,kernel_checked,
graph.isomorphism,Graph,GRAPH_LAYER_API.md sections 3 and 4,lean/StructuralExhaustion/Graph/FiniteObject.lean,Graph/Isomorphism.lean,EG official parity,,relabeling and invariant fixture,kernel_checked,Canonical semantic equivalence
graph.induced,Graph,GRAPH_LAYER_API.md sections 5 and 8,lean/StructuralExhaustion/Graph/InducedSubgraph.lean,Graph/Induced.lean,EG induced P13,,nested induced support fixture,kernel_checked,Subtype and embedding transport
graph.deletion,Graph,GRAPH_LAYER_API.md sections 5 and 9,lean/StructuralExhaustion/Graph/EdgeDeletion.lean,Graph/Deletion.lean,EG CT2 criticality,,edge and vertex deletion fixture,kernel_checked,Progress effect remains profile-relative
graph.cycle-target,Graph,graph-7,Graph target modules,Graph/Target.lean,EG target,,GraphBasics,kernel_checked,
graph.rooted-return,Graph,graph-7,Graph/EdgeRootedReturn.lean,Graph/RootedReturn.lean,EG node 5,,RootedReturn,kernel_checked,
graph.proper-subgraph-minimality,Graph,graph-6,Graph/PackedMinimumDegreeCycle.lean,Graph/Minimality.lean,EG node 8,,GraphMinimality,kernel_checked,
pde.local-atlas,PDE,pde-4.2,,PDE/Atlas.lean,,PDE model,PDEBasics,kernel_checked,
pde.equation,PDE,PDE_LAYER_API.md section 4.3,,PDE/Equation.lean,,NS2D represented equation,finite equation fixture,kernel_checked,Equation interpretation remains explicit
pde.local-model,PDE,pde-4.1,,PDE/Model.lean,,NS2D registration,PDEBasics,kernel_checked,
pde.coordinates,PDE,pde-5,,PDE/Coordinate.lean,,recenter/rescale/gauge,PDEBasics,kernel_checked,
pde.local-tail,PDE,pde-6,,PDE/LocalTail.lean,,CZ pressure split,PDEBasics,kernel_checked,
pde.observable,PDE,PDE_LAYER_API.md section 4.4,,PDE/Observable.lean,,PDE row 1,Finite observable fixture,kernel_checked,Public represented observables
pde.target-interface,PDE,PDE_LAYER_API.md sections 4.4 and 8,,PDE/Target.lean,,PDE rows 1 and 18,Finite target interface fixture,kernel_checked,Target meaning and representation invariance
pde.fast-track-signature,PDE,PDE_LAYER_API.md section 8,,PDE/FastTrack/Signature.lean,,PDE rows 1 through 4,Finite fast-track registration fixture,kernel_checked,Only primitive represented data are author inputs
pde.generator-form,PDE,PDE_LAYER_API.md section 9,,PDE/GeneratorForm.lean,,PDE row 2,Finite matrix generator fixture,kernel_checked,Closed form and sector laws are author inputs
pde.represented-quotient,PDE,PDE_LAYER_API.md sections 8 and 10,,PDE/Quotient.lean,,PDE rows 4 and 8,Known finite quotient fixture,kernel_checked,Framework computes the quotient defect
pde.defect-geometry,PDE,PDE_LAYER_API.md section 9,,PDE/Quotient.lean,,PDE rows 4 through 6,Finite defect geometry fixture,kernel_checked,Framework derives routable and harmonic parts
ct.ct1,CT,DOMAIN_INDEPENDENT_CORE.md section 11 CT1,lean/StructuralExhaustion/CT1,CT1/Automation.lean,Hypostructure.Graph.CT1,PDE fast-track CT1 rows,neutral and graph CT1 fixtures,kernel_checked,Seven-layer contract may be combined only with visible dependencies
ct.ct2,CT,DOMAIN_INDEPENDENT_CORE.md section 11 CT2,lean/StructuralExhaustion/CT2,CT2/Automation.lean,Hypostructure.Graph.CT2,PDE fast-track CT2 rows,neutral and graph CT2 fixtures,kernel_checked,Seven-layer contract may be combined only with visible dependencies
ct.ct3,CT,DOMAIN_INDEPENDENT_CORE.md section 11 CT3,lean/StructuralExhaustion/CT3,CT3/Automation.lean,Hypostructure.Graph.CT3,PDE fast-track CT3 rows,neutral and graph CT3 fixtures,kernel_checked,Seven-layer contract may be combined only with visible dependencies
ct.ct4,CT,DOMAIN_INDEPENDENT_CORE.md section 11 CT4,lean/StructuralExhaustion/CT4,CT4/Automation.lean,Hypostructure.Graph.CT4,PDE fast-track CT4 rows,neutral and graph CT4 fixtures,kernel_checked,Seven-layer contract may be combined only with visible dependencies
ct.ct5,CT,DOMAIN_INDEPENDENT_CORE.md section 11 CT5,lean/StructuralExhaustion/CT5,CT5/Automation.lean,Hypostructure.Graph.CT5,PDE fast-track CT5 rows,neutral and graph CT5 fixtures,kernel_checked,Seven-layer contract may be combined only with visible dependencies
ct.ct6,CT,DOMAIN_INDEPENDENT_CORE.md section 11 CT6,lean/StructuralExhaustion/CT6,CT6/Automation.lean,Hypostructure.Graph.CT6,PDE fast-track CT6 rows,neutral and graph CT6 fixtures,kernel_checked,Seven-layer contract may be combined only with visible dependencies
ct.ct7,CT,DOMAIN_INDEPENDENT_CORE.md section 11 CT7,lean/StructuralExhaustion/CT7,CT7/Automation.lean,Hypostructure.Graph.CT7,PDE fast-track CT7 rows,neutral and graph CT7 fixtures,kernel_checked,Seven-layer contract may be combined only with visible dependencies
ct.ct8,CT,DOMAIN_INDEPENDENT_CORE.md section 11 CT8,lean/StructuralExhaustion/CT8,CT8/Automation.lean,Hypostructure.Graph.CT8,PDE fast-track CT8 rows,neutral and graph CT8 fixtures,kernel_checked,Seven-layer contract may be combined only with visible dependencies
ct.ct9,CT,DOMAIN_INDEPENDENT_CORE.md section 11 CT9,lean/StructuralExhaustion/CT9,CT9/Automation.lean,Hypostructure.Graph.CT9,PDE fast-track CT9 rows,neutral and graph CT9 fixtures,kernel_checked,Seven-layer contract may be combined only with visible dependencies
ct.ct10,CT,DOMAIN_INDEPENDENT_CORE.md section 11 CT10,lean/StructuralExhaustion/CT10,CT10/Automation.lean,Hypostructure.Graph.CT10,PDE fast-track CT10 rows,neutral and graph CT10 fixtures,kernel_checked,Seven-layer contract may be combined only with visible dependencies
ct.ct11,CT,DOMAIN_INDEPENDENT_CORE.md section 11 CT11,lean/StructuralExhaustion/CT11,CT11/Automation.lean,Hypostructure.Graph.CT11,PDE fast-track CT11 rows,neutral and graph CT11 fixtures,kernel_checked,Seven-layer contract may be combined only with visible dependencies
ct.ct12,CT,DOMAIN_INDEPENDENT_CORE.md section 11 CT12,lean/StructuralExhaustion/CT12,CT12/Automation.lean,Hypostructure.Graph.CT12,PDE fast-track CT12 rows,neutral and graph CT12 fixtures,kernel_checked,Seven-layer contract may be combined only with visible dependencies
ct.ct13,CT,DOMAIN_INDEPENDENT_CORE.md section 11 CT13,lean/StructuralExhaustion/CT13,CT13/Automation.lean,Hypostructure.Graph.CT13,PDE fast-track CT13 rows,neutral and graph CT13 fixtures,kernel_checked,Seven-layer contract may be combined only with visible dependencies
ct.ct14,CT,DOMAIN_INDEPENDENT_CORE.md section 11 CT14,lean/StructuralExhaustion/CT14,CT14/Automation.lean,Hypostructure.Graph.CT14,PDE fast-track CT14 rows,neutral and graph CT14 fixtures,kernel_checked,Seven-layer contract may be combined only with visible dependencies
ct.ct15,CT,DOMAIN_INDEPENDENT_CORE.md section 11 CT15,lean/StructuralExhaustion/CT15,CT15/Automation.lean,Hypostructure.Graph.CT15,PDE fast-track CT15 rows,neutral and graph CT15 fixtures,kernel_checked,Seven-layer contract may be combined only with visible dependencies
ct.ct16,CT,DOMAIN_INDEPENDENT_CORE.md section 11 CT16,lean/StructuralExhaustion/CT16,CT16/Automation.lean,Hypostructure.Graph.CT16,PDE fast-track CT16 rows,neutral and graph CT16 fixtures,kernel_checked,Seven-layer contract may be combined only with visible dependencies
ct.ct17,CT,DOMAIN_INDEPENDENT_CORE.md section 11 CT17,lean/StructuralExhaustion/CT17,CT17/Automation.lean,Hypostructure.Graph.CT17,PDE fast-track CT17 rows,neutral and graph CT17 fixtures,kernel_checked,Seven-layer contract may be combined only with visible dependencies
routes.registry,Routes,HYPOSTRUCTURE_MIGRATION_GUIDE.md section 16.4,lean/StructuralExhaustion/Routes,Routes/Registry.lean,first cross-CT EG edge,first cross-row PDE edge,RouteRegistry,kernel_checked,Routes consume and return full accumulated ledgers
routes.accumulated-executor,Routes,HYPOSTRUCTURE_MIGRATION_GUIDE.md section 16.4,lean/StructuralExhaustion/Routes/Accumulated.lean,Routes/Accumulated.lean,first accumulated EG edge,first accumulated PDE edge,RouteRegistry,kernel_checked,One typed Core executor for registered generic accumulated profiles
route.ct1-to-ct2-local-deletion,Routes,HYPOSTRUCTURE_MIGRATION_GUIDE.md section 16.4,lean/StructuralExhaustion/Routes/CT1ToCT2LocalDeletion.lean,Routes/CT1ToCT2.lean,EG local deletion,PDE local replacement,CT1ToCT2LocalDeletion,planned,Specialized semantic-discovery profile
route.accumulated.ct1-to-ct9,Routes,HYPOSTRUCTURE_MIGRATION_GUIDE.md section 16.4,lean/StructuralExhaustion/Routes/Accumulated.lean,Routes/Registry.lean,EG accumulated edge,PDE accumulated edge,AccumulatedRouteRegistry,kernel_checked,Registry data over one generic full-ledger executor
route.accumulated.ct1-to-ct10,Routes,HYPOSTRUCTURE_MIGRATION_GUIDE.md section 16.4,lean/StructuralExhaustion/Routes/Accumulated.lean,Routes/Registry.lean,EG accumulated edge,PDE accumulated edge,AccumulatedRouteRegistry,kernel_checked,Registry data over one generic full-ledger executor
route.accumulated.ct2-to-ct1,Routes,HYPOSTRUCTURE_MIGRATION_GUIDE.md section 16.4,lean/StructuralExhaustion/Routes/Accumulated.lean,Routes/Registry.lean,EG accumulated edge,PDE accumulated edge,AccumulatedRouteRegistry,kernel_checked,Registry data over one generic full-ledger executor
route.accumulated.ct3-to-ct1,Routes,HYPOSTRUCTURE_MIGRATION_GUIDE.md section 16.4,lean/StructuralExhaustion/Routes/Accumulated.lean,Routes/Registry.lean,EG accumulated edge,PDE accumulated edge,AccumulatedRouteRegistry,kernel_checked,Registry data over one generic full-ledger executor
route.accumulated.ct5-to-ct2,Routes,HYPOSTRUCTURE_MIGRATION_GUIDE.md section 16.4,lean/StructuralExhaustion/Routes/Accumulated.lean,Routes/Registry.lean,EG accumulated edge,PDE accumulated edge,AccumulatedRouteRegistry,kernel_checked,Registry data over one generic full-ledger executor
route.accumulated.ct7-to-ct5,Routes,HYPOSTRUCTURE_MIGRATION_GUIDE.md section 16.4,lean/StructuralExhaustion/Routes/Accumulated.lean,Routes/Registry.lean,EG accumulated edge,PDE accumulated edge,AccumulatedRouteRegistry,kernel_checked,Registry data over one generic full-ledger executor
route.accumulated.ct5-to-ct10,Routes,HYPOSTRUCTURE_MIGRATION_GUIDE.md section 16.4,lean/StructuralExhaustion/Routes/Accumulated.lean,Routes/Registry.lean,EG accumulated edge,PDE accumulated edge,AccumulatedRouteRegistry,kernel_checked,Registry data over one generic full-ledger executor
route.accumulated.ct9-to-ct1,Routes,HYPOSTRUCTURE_MIGRATION_GUIDE.md section 16.4,lean/StructuralExhaustion/Routes/Accumulated.lean,Routes/Registry.lean,EG accumulated edge,PDE accumulated edge,AccumulatedRouteRegistry,kernel_checked,Registry data over one generic full-ledger executor
route.accumulated.ct9-to-ct5,Routes,HYPOSTRUCTURE_MIGRATION_GUIDE.md section 16.4,lean/StructuralExhaustion/Routes/Accumulated.lean,Routes/Registry.lean,EG accumulated edge,PDE accumulated edge,AccumulatedRouteRegistry,kernel_checked,Registry data over one generic full-ledger executor
route.accumulated.ct9-to-ct10,Routes,HYPOSTRUCTURE_MIGRATION_GUIDE.md section 16.4,lean/StructuralExhaustion/Routes/Accumulated.lean,Routes/Registry.lean,EG accumulated edge,PDE accumulated edge,AccumulatedRouteRegistry,kernel_checked,Registry data over one generic full-ledger executor
route.accumulated.ct9-to-ct14,Routes,HYPOSTRUCTURE_MIGRATION_GUIDE.md section 16.4,lean/StructuralExhaustion/Routes/Accumulated.lean,Routes/Registry.lean,EG accumulated edge,PDE accumulated edge,AccumulatedRouteRegistry,kernel_checked,Registry data over one generic full-ledger executor
route.accumulated.ct10-to-ct5,Routes,HYPOSTRUCTURE_MIGRATION_GUIDE.md section 16.4,lean/StructuralExhaustion/Routes/Accumulated.lean,Routes/Registry.lean,EG accumulated edge,PDE accumulated edge,AccumulatedRouteRegistry,kernel_checked,Registry data over one generic full-ledger executor
route.accumulated.ct10-to-ct6,Routes,HYPOSTRUCTURE_MIGRATION_GUIDE.md section 16.4,lean/StructuralExhaustion/Routes/Accumulated.lean,Routes/Registry.lean,EG accumulated edge,PDE accumulated edge,AccumulatedRouteRegistry,kernel_checked,Registry data over one generic full-ledger executor
route.accumulated.ct10-to-ct9,Routes,HYPOSTRUCTURE_MIGRATION_GUIDE.md section 16.4,lean/StructuralExhaustion/Routes/Accumulated.lean,Routes/Registry.lean,EG accumulated edge,PDE accumulated edge,AccumulatedRouteRegistry,kernel_checked,Registry data over one generic full-ledger executor
route.accumulated.ct10-to-ct14,Routes,HYPOSTRUCTURE_MIGRATION_GUIDE.md section 16.4,lean/StructuralExhaustion/Routes/Accumulated.lean,Routes/Registry.lean,EG accumulated edge,PDE accumulated edge,AccumulatedRouteRegistry,kernel_checked,Registry data over one generic full-ledger executor
route.accumulated.ct12-to-ct10,Routes,HYPOSTRUCTURE_MIGRATION_GUIDE.md section 16.4,lean/StructuralExhaustion/Routes/Accumulated.lean,Routes/Registry.lean,EG accumulated edge,PDE accumulated edge,AccumulatedRouteRegistry,kernel_checked,Registry data over one generic full-ledger executor
route.accumulated.ct12-to-ct15,Routes,HYPOSTRUCTURE_MIGRATION_GUIDE.md section 16.4,lean/StructuralExhaustion/Routes/Accumulated.lean,Routes/Registry.lean,EG accumulated edge,PDE accumulated edge,AccumulatedRouteRegistry,kernel_checked,Registry data over one generic full-ledger executor
route.accumulated.ct14-to-ct1,Routes,HYPOSTRUCTURE_MIGRATION_GUIDE.md section 16.4,lean/StructuralExhaustion/Routes/Accumulated.lean,Routes/Registry.lean,EG accumulated edge,PDE accumulated edge,AccumulatedRouteRegistry,kernel_checked,Registry data over one generic full-ledger executor
route.accumulated.ct14-to-ct12,Routes,HYPOSTRUCTURE_MIGRATION_GUIDE.md section 16.4,lean/StructuralExhaustion/Routes/Accumulated.lean,Routes/Registry.lean,EG accumulated edge,PDE accumulated edge,AccumulatedRouteRegistry,kernel_checked,Registry data over one generic full-ledger executor
route.accumulated.ct15-to-ct9,Routes,HYPOSTRUCTURE_MIGRATION_GUIDE.md section 16.4,lean/StructuralExhaustion/Routes/Accumulated.lean,Routes/Registry.lean,EG accumulated edge,PDE accumulated edge,AccumulatedRouteRegistry,kernel_checked,Registry data over one generic full-ledger executor
route.required.ct12-to-ct6,Routes,HYPOSTRUCTURE_MIGRATION_GUIDE.md section 16.4,examples/erdos_64_eg/Erdos64EG/Shared/CT6SurplusPortActivation.lean,Routes/CT12ToCT6.lean,EG surplus-port activation,,CT12ToCT6,planned,Legacy application-owned transition to register generically
route.required.ct6-to-ct15,Routes,HYPOSTRUCTURE_MIGRATION_GUIDE.md section 16.4,examples/erdos_64_eg/Erdos64EG/Shared/CT15BaselineSpineDemand.lean,Routes/CT6ToCT15.lean,EG baseline-spine demand,,CT6ToCT15,planned,Legacy application-owned transition to register generically
route.required.ct15-to-ct15,Routes,HYPOSTRUCTURE_MIGRATION_GUIDE.md section 16.4,examples/erdos_64_eg/Erdos64EG/Shared/CT15SparsePairResponses.lean,Routes/CT15ToCT15.lean,EG rank refinement,,CT15ToCT15,planned,Legacy application-owned transition to register generically
route.required.ct9-to-ct9-capacity-token,Routes,HYPOSTRUCTURE_MIGRATION_GUIDE.md section 16.4,examples/erdos_64_eg/Erdos64EG/Shared/CT9CapacityTokenLedger.lean,Routes/CT9ToCT9.lean,EG capacity-token refinement,,CT9ToCT9CapacityToken,planned,Legacy application-owned transition to register generically
route.required.ct9-to-ct9-coupled-overload,Routes,HYPOSTRUCTURE_MIGRATION_GUIDE.md section 16.4,examples/erdos_64_eg/Erdos64EG/Shared/CT9CoupledClassOverload.lean,Routes/CT9ToCT9.lean,EG coupled-overload refinement,,CT9ToCT9CoupledOverload,planned,Legacy application-owned transition to register generically
route.pde.ct15-to-ct16,Routes,HYPOSTRUCTURE_MIGRATION_GUIDE.md section 16.4,PDEs/llm_auditable_proof_architecture_draft.tex,Routes/CT15ToCT16.lean,,PDE row chain,PDERouteCT15ToCT16,planned,Required by the PDE architecture; implement after both endpoints
route.pde.ct15-to-ct10,Routes,HYPOSTRUCTURE_MIGRATION_GUIDE.md section 16.4,PDEs/llm_auditable_proof_architecture_draft.tex,Routes/CT15ToCT10.lean,,PDE row chain,PDERouteCT15ToCT10,planned,Required by the PDE architecture; implement after both endpoints
route.pde.ct13-to-ct7,Routes,HYPOSTRUCTURE_MIGRATION_GUIDE.md section 16.4,PDEs/llm_auditable_proof_architecture_draft.tex,Routes/CT13ToCT7.lean,,PDE row chain,PDERouteCT13ToCT7,planned,Required by the PDE architecture; implement after both endpoints
route.pde.ct3-to-ct7,Routes,HYPOSTRUCTURE_MIGRATION_GUIDE.md section 16.4,PDEs/llm_auditable_proof_architecture_draft.tex,Routes/CT3ToCT7.lean,,PDE row chain,PDERouteCT3ToCT7,planned,Required by the PDE architecture; implement after both endpoints
route.pde.ct17-to-ct12,Routes,HYPOSTRUCTURE_MIGRATION_GUIDE.md section 16.4,PDEs/llm_auditable_proof_architecture_draft.tex,Routes/CT17ToCT12.lean,,PDE row chain,PDERouteCT17ToCT12,planned,Required by the PDE architecture; implement after both endpoints
route.pde.ct12-to-ct11,Routes,HYPOSTRUCTURE_MIGRATION_GUIDE.md section 16.4,PDEs/llm_auditable_proof_architecture_draft.tex,Routes/CT12ToCT11.lean,,PDE row chain,PDERouteCT12ToCT11,planned,Required by the PDE architecture; implement after both endpoints
route.pde.ct10-to-ct11,Routes,HYPOSTRUCTURE_MIGRATION_GUIDE.md section 16.4,PDEs/llm_auditable_proof_architecture_draft.tex,Routes/CT10ToCT11.lean,,PDE row chain,PDERouteCT10ToCT11,planned,Required by the PDE architecture; implement after both endpoints
route.pde.ct11-to-ct14,Routes,HYPOSTRUCTURE_MIGRATION_GUIDE.md section 16.4,PDEs/llm_auditable_proof_architecture_draft.tex,Routes/CT11ToCT14.lean,,PDE row chain,PDERouteCT11ToCT14,planned,Required by the PDE architecture; implement after both endpoints
route.pde.ct14-to-ct11,Routes,HYPOSTRUCTURE_MIGRATION_GUIDE.md section 16.4,PDEs/llm_auditable_proof_architecture_draft.tex,Routes/CT14ToCT11.lean,,PDE row chain,PDERouteCT14ToCT11,planned,Required by the PDE architecture; implement after both endpoints
route.pde.ct3-to-ct14,Routes,HYPOSTRUCTURE_MIGRATION_GUIDE.md section 16.4,PDEs/llm_auditable_proof_architecture_draft.tex,Routes/CT3ToCT14.lean,,PDE row chain,PDERouteCT3ToCT14,planned,Required by the PDE architecture; implement after both endpoints
route.pde.ct14-to-ct15,Routes,HYPOSTRUCTURE_MIGRATION_GUIDE.md section 16.4,PDEs/llm_auditable_proof_architecture_draft.tex,Routes/CT14ToCT15.lean,,PDE row chain,PDERouteCT14ToCT15,planned,Required by the PDE architecture; implement after both endpoints
route.pde.ct15-to-ct13,Routes,HYPOSTRUCTURE_MIGRATION_GUIDE.md section 16.4,PDEs/llm_auditable_proof_architecture_draft.tex,Routes/CT15ToCT13.lean,,PDE row chain,PDERouteCT15ToCT13,planned,Required by the PDE architecture; implement after both endpoints
route.pde.ct11-to-ct1,Routes,HYPOSTRUCTURE_MIGRATION_GUIDE.md section 16.4,PDEs/llm_auditable_proof_architecture_draft.tex,Routes/CT11ToCT1.lean,,PDE row chain,PDERouteCT11ToCT1,planned,Required by the PDE architecture; implement after both endpoints
route.pde.ct14-to-ct16,Routes,HYPOSTRUCTURE_MIGRATION_GUIDE.md section 16.4,PDEs/llm_auditable_proof_architecture_draft.tex,Routes/CT14ToCT16.lean,,PDE row chain,PDERouteCT14ToCT16,planned,Required by the PDE architecture; implement after both endpoints
route.pde.ct16-to-ct10,Routes,HYPOSTRUCTURE_MIGRATION_GUIDE.md section 16.4,PDEs/llm_auditable_proof_architecture_draft.tex,Routes/CT16ToCT10.lean,,PDE row chain,PDERouteCT16ToCT10,planned,Required by the PDE architecture; implement after both endpoints
route.pde.ct7-to-ct16,Routes,HYPOSTRUCTURE_MIGRATION_GUIDE.md section 16.4,PDEs/llm_auditable_proof_architecture_draft.tex,Routes/CT7ToCT16.lean,,PDE row chain,PDERouteCT7ToCT16,planned,Required by the PDE architecture; implement after both endpoints
route.pde.ct16-to-ct1,Routes,HYPOSTRUCTURE_MIGRATION_GUIDE.md section 16.4,PDEs/llm_auditable_proof_architecture_draft.tex,Routes/CT16ToCT1.lean,,PDE row chain,PDERouteCT16ToCT1,planned,Required by the PDE architecture; implement after both endpoints
route.pde.ct3-to-ct13,Routes,HYPOSTRUCTURE_MIGRATION_GUIDE.md section 16.4,PDEs/llm_auditable_proof_architecture_draft.tex,Routes/CT3ToCT13.lean,,PDE row chain,PDERouteCT3ToCT13,planned,Required by the PDE architecture; implement after both endpoints
route.pde.ct13-to-ct15,Routes,HYPOSTRUCTURE_MIGRATION_GUIDE.md section 16.4,PDEs/llm_auditable_proof_architecture_draft.tex,Routes/CT13ToCT15.lean,,PDE row chain,PDERouteCT13ToCT15,planned,Required by the PDE architecture; implement after both endpoints
route.pde.ct15-to-ct14,Routes,HYPOSTRUCTURE_MIGRATION_GUIDE.md section 16.4,PDEs/llm_auditable_proof_architecture_draft.tex,Routes/CT15ToCT14.lean,,PDE row chain,PDERouteCT15ToCT14,planned,Required by the PDE architecture; implement after both endpoints
core.provision,Core,DOMAIN_INDEPENDENT_CORE.md section 3,,Hypostructure.Core.Provision,EG root provisioning,PDE root provisioning,Core provision fixture,kernel_checked,Author inputs are separated from framework outputs
core.residual-stage,Core,DOMAIN_INDEPENDENT_CORE.md section 4.1,lean/StructuralExhaustion/Core/ResidualRefinement.lean,Hypostructure.Core.Residual.Stage,EG node stages,PDE row stages,Residual ledger fixture,kernel_checked,Implemented stage carrier omitted by the source refresher
core.local-to-global,Core,DOMAIN_INDEPENDENT_CORE.md section 6,,Hypostructure.Core.Assembly.LocalToGlobal,Graph pointwise closure,PDE local closure assembly,Graph and analytic assembly fixtures,kernel_checked,Framework-owned assembly executor
core.response-system,Core,DOMAIN_INDEPENDENT_CORE.md sections 6 and 8,,Hypostructure.Core.Response.System,Graph boundary response,PDE quotient response,Exact response fixture,kernel_checked,Exact represented response interface
core.response-finite-table,Core,DOMAIN_INDEPENDENT_CORE.md sections 6 and 8,,Hypostructure.Core.Response.FiniteTable,EG finite response table,PDE finite response toy,Finite response table fixture,kernel_checked,Residual-owned finite response coordinates
core.closed-ledger-closure,Core,DOMAIN_INDEPENDENT_CORE.md sections 4.2 and 10,,Hypostructure.Core.ClosedLedger.Closure,Graph closed class,PDE closed class,Closed ledger fixture,kernel_checked,Records exact closure evidence
core.closed-ledger-quotient,Core,DOMAIN_INDEPENDENT_CORE.md sections 4.2 and 10,,Hypostructure.Core.ClosedLedger.Quotient,Graph closed quotient,PDE fast-track quotient,Closed quotient fixture,kernel_checked,Framework constructs the quotient
core.closed-ledger-propagation,Core,DOMAIN_INDEPENDENT_CORE.md sections 4.2 and 10,,Hypostructure.Core.ClosedLedger.Propagation,EG repeated closure,PDE row 13,Two-step propagation fixture,kernel_checked,No-rechecking propagation executor
core.compact-extraction,Core,DOMAIN_INDEPENDENT_CORE.md section 7,,Hypostructure.Core.Compactness.Extraction,Graph finite extraction,PDE compact extraction,Retained obstruction fixture,kernel_checked,Descendant retains the typed obstruction
core.finite-enumeration,Core,HYPOSTRUCTURE_MIGRATION_GUIDE.md phase 4,lean/StructuralExhaustion/Core/FiniteEnumeration.lean,Hypostructure.Core.Finite.Enumeration,Graph finite scans,PDE residual schedules,Finite enumeration fixture,kernel_checked,Enumerates only residual-owned finite universes
core.finite-search,Core,HYPOSTRUCTURE_MIGRATION_GUIDE.md phase 4,lean/StructuralExhaustion/Core/FiniteSearch.lean,Hypostructure.Core.Finite.Search,Graph target search,PDE bounded schedule search,Finite search fixture,kernel_checked,Executable search with explicit bounds
core.finite-accounting,Core,HYPOSTRUCTURE_MIGRATION_GUIDE.md phase 4,lean/StructuralExhaustion/Core/WorkBudget.lean,Hypostructure.Core.Finite.Accounting,Graph verifier accounting,PDE verifier accounting,Finite accounting fixture,kernel_checked,Verifier work remains separate from mathematical budgets
core.execution,Core,HYPOSTRUCTURE_MIGRATION_GUIDE.md phase 4,,Hypostructure.Core.Execution,All graph CT executors,All PDE CT executors,Execution fixture,kernel_checked,Common executable transition substrate
core.routing,Core,DOMAIN_INDEPENDENT_CORE.md sections 10 and 12,lean/StructuralExhaustion/Routes,Hypostructure.Core.Routing,EG route transitions,PDE CT chains,Full-ledger route fixture,kernel_checked,Applications never select routes
core.closure,Core,DOMAIN_INDEPENDENT_CORE.md section 10,,Hypostructure.Core.Closure,EG terminals,PDE row 18,Closure status fixture,kernel_checked,Separates active residuals from closed terminals
core.metadata,Core,HYPOSTRUCTURE_MIGRATION_GUIDE.md phase 4,lean/StructuralExhaustion/Canonical,Hypostructure.Core.Metadata,EG evidence export,PDE evidence export,Metadata freshness fixture,kernel_checked,Source-derived provenance and work bounds
route.ct1-to-ct2,Routes,HYPOSTRUCTURE_MIGRATION_GUIDE.md section 16.4,lean/StructuralExhaustion/Routes/CT1ToCT2.lean,Hypostructure.Routes.CT1ToCT2,EG early target residual,PDE target-to-reduction profile,Full-ledger CT1 to CT2 fixture,planned,Consumes the complete source stage
route.ct1-to-ct12,Routes,HYPOSTRUCTURE_MIGRATION_GUIDE.md section 16.4,lean/StructuralExhaustion/Routes/CT1ToCT12.lean,Hypostructure.Routes.CT1ToCT12,EG target-avoidance peeling,PDE bounded peeling,Full-ledger CT1 to CT12 fixture,planned,Consumes the complete source stage
route.ct2-to-ct3,Routes,HYPOSTRUCTURE_MIGRATION_GUIDE.md section 16.4,lean/StructuralExhaustion/Routes/CT2ToCT3.lean,Hypostructure.Routes.CT2ToCT3,EG replacement response,PDE atom response,Full-ledger CT2 to CT3 fixture,planned,Consumes the complete source stage
route.ct2-to-ct10,Routes,HYPOSTRUCTURE_MIGRATION_GUIDE.md section 16.4,lean/StructuralExhaustion/Routes/CT2ToCT10.lean,Hypostructure.Routes.CT2ToCT10,EG criticality classifier,PDE reduced classifier,Full-ledger CT2 to CT10 fixture,planned,Consumes the complete source stage
route.ct5-to-ct14,Routes,HYPOSTRUCTURE_MIGRATION_GUIDE.md section 16.4,lean/StructuralExhaustion/Routes/CT5ToCT14.lean,Hypostructure.Routes.CT5ToCT14,EG aggregate capacity,PDE carrier aggregation,Full-ledger CT5 to CT14 fixture,planned,Consumes the complete source stage
route.ct6-to-ct9,Routes,HYPOSTRUCTURE_MIGRATION_GUIDE.md section 16.4,lean/StructuralExhaustion/Routes/CT6ToCT9.lean,Hypostructure.Routes.CT6ToCT9,EG first-failure overload,PDE ordered profile overload,Full-ledger CT6 to CT9 fixture,planned,Consumes the complete source stage
route.ct9-to-ct7,Routes,HYPOSTRUCTURE_MIGRATION_GUIDE.md section 16.4,lean/StructuralExhaustion/Routes/CT9ToCT7.lean,Hypostructure.Routes.CT9ToCT7,EG overloaded-context response,PDE profile context response,Full-ledger CT9 to CT7 fixture,planned,Consumes the complete source stage
route.ct14-refinement,Routes,HYPOSTRUCTURE_MIGRATION_GUIDE.md section 16.4,lean/StructuralExhaustion/Routes/CT14ToCT14.lean,Hypostructure.Routes.CT14Refinement,EG aggregate refinement,PDE mass refinement,Full-ledger CT14 refinement fixture,planned,Refines without dropping predecessor facts
graph.problem-registration,Graph,GRAPH_LAYER_API.md section 4,lean/StructuralExhaustion/Graph/Problem.lean,Hypostructure.Graph.Problem,EG problem registration,,Graph problem fixture,kernel_checked,Minimal graph-specific registration
graph.coordinate,Graph,GRAPH_LAYER_API.md section 5,,Hypostructure.Graph.Coordinate,EG restriction and recentering,,Graph coordinate fixture,kernel_checked,Registers primitive graph coordinate semantics
graph.contraction,Graph,GRAPH_LAYER_API.md sections 5 and 6,lean/StructuralExhaustion/Graph/Contraction.lean,Hypostructure.Graph.Contraction,EG CT2 contraction,,Contraction fixture,planned,Domain constructor with explicit progress effect
graph.boundary,Graph,GRAPH_LAYER_API.md section 6,lean/StructuralExhaustion/Graph/Boundary.lean,Hypostructure.Graph.Boundary,EG boundaried atoms,,Boundary ownership fixture,kernel_checked,Exact ownership and interface data
graph.gluing,Graph,GRAPH_LAYER_API.md section 6,lean/StructuralExhaustion/Graph/Gluing.lean,Hypostructure.Graph.Gluing,EG local replacement,,Gluing reconstruction fixture,kernel_checked,Core owns assembly execution
graph.boundaried-atom-profile,Graph,GRAPH_LAYER_API.md section 6,lean/StructuralExhaustion/Graph/PackedBoundariedGluing.lean;examples/erdos_64_eg/Erdos64EG/Node11.lean,Hypostructure.Graph.BoundariedAtom,EG node 11,,GraphBoundariedAtom,kernel_checked,Graph derives proper-subgraph evidence and uncapped profiles; Focus owns execution and ledger extension
graph.response,Graph,GRAPH_LAYER_API.md section 7,lean/StructuralExhaustion/Graph/Response.lean,Hypostructure.Graph.Response,EG exact context response,,Graph response fixture,kernel_checked,Canonical graph response constructor
graph.extraction-packing,Graph,GRAPH_LAYER_API.md section 8,lean/StructuralExhaustion/Graph/Packing.lean,Hypostructure.Graph.Finite,EG P13 packing,,Finite packing fixture,kernel_checked,Finite extraction over declared support
graph.progress,Graph,GRAPH_LAYER_API.md section 9,lean/StructuralExhaustion/Graph/SmallerObject.lean,Hypostructure.Graph.Progress,EG minimality and peeling,,Graph progress fixture,kernel_checked,Graph interpretation of strict progress
graph.budget,Graph,GRAPH_LAYER_API.md section 9,lean/StructuralExhaustion/Graph/Budget.lean,Hypostructure.Graph.Budget,EG charge and capacity,,Graph budget fixture,planned,Mathematical resource budget adapter
graph.reusable-theorems,Graph,GRAPH_LAYER_API.md section 12,lean/StructuralExhaustion/Graph/Theorems,Hypostructure.Graph.Theorems,Independent graph examples,,Three independent graph fixtures,planned,Reusable profiles contain no EG constants
graph.external-boundary,Graph,GRAPH_LAYER_API.md section 15,,Hypostructure.Graph.External,EG named external theorem,,Exact-name allowlist fixture,planned,Only local theorem contracts may be allowlisted
graph.ct1,Graph,GRAPH_LAYER_API.md section 11 CT1,lean/StructuralExhaustion/Graph/CT1.lean,Hypostructure.Graph.CT1,EG first CT1 consumer,,Graph CT1 constructor fixture,kernel_checked,Canonical graph constructor for the domain-neutral CT contract
graph.ct2,Graph,GRAPH_LAYER_API.md section 11 CT2,lean/StructuralExhaustion/Graph/CT2.lean,Hypostructure.Graph.CT2,EG first CT2 consumer,,Graph CT2 constructor fixture,kernel_checked,Canonical graph constructor for the domain-neutral CT contract
graph.ct3,Graph,GRAPH_LAYER_API.md section 11 CT3,lean/StructuralExhaustion/Graph/CT3.lean,Hypostructure.Graph.CT3,EG first CT3 consumer,,Graph CT3 constructor fixture,kernel_checked,Canonical graph constructor for the domain-neutral CT contract
graph.ct4,Graph,GRAPH_LAYER_API.md section 11 CT4,lean/StructuralExhaustion/Graph/CT4.lean,Hypostructure.Graph.CT4,EG first CT4 consumer,,Graph CT4 constructor fixture,kernel_checked,Canonical graph constructor for the domain-neutral CT contract
graph.ct5,Graph,GRAPH_LAYER_API.md section 11 CT5,lean/StructuralExhaustion/Graph/CT5.lean,Hypostructure.Graph.CT5,EG first CT5 consumer,,Graph CT5 constructor fixture,kernel_checked,Canonical graph constructor for the domain-neutral CT contract
graph.ct6,Graph,GRAPH_LAYER_API.md section 11 CT6,lean/StructuralExhaustion/Graph/CT6.lean,Hypostructure.Graph.CT6,EG first CT6 consumer,,Graph CT6 constructor fixture,kernel_checked,Canonical graph constructor for the domain-neutral CT contract
graph.ct7,Graph,GRAPH_LAYER_API.md section 11 CT7,lean/StructuralExhaustion/Graph/CT7.lean,Hypostructure.Graph.CT7,EG first CT7 consumer,,Graph CT7 constructor fixture,kernel_checked,Canonical graph constructor for the domain-neutral CT contract
graph.ct8,Graph,GRAPH_LAYER_API.md section 11 CT8,lean/StructuralExhaustion/Graph/CT8.lean,Hypostructure.Graph.CT8,EG first CT8 consumer,,Graph CT8 constructor fixture,kernel_checked,Canonical graph constructor for the domain-neutral CT contract
graph.ct9,Graph,GRAPH_LAYER_API.md section 11 CT9,lean/StructuralExhaustion/Graph/CT9.lean,Hypostructure.Graph.CT9,EG first CT9 consumer,,Graph CT9 constructor fixture,kernel_checked,Canonical graph constructor for the domain-neutral CT contract
graph.ct10,Graph,GRAPH_LAYER_API.md section 11 CT10,lean/StructuralExhaustion/Graph/CT10.lean,Hypostructure.Graph.CT10,EG first CT10 consumer,,Graph CT10 constructor fixture,kernel_checked,Canonical graph constructor for the domain-neutral CT contract
graph.ct11,Graph,GRAPH_LAYER_API.md section 11 CT11,lean/StructuralExhaustion/Graph/CT11.lean,Hypostructure.Graph.CT11,EG first CT11 consumer,,Graph CT11 constructor fixture,kernel_checked,Canonical graph constructor for the domain-neutral CT contract
graph.ct12,Graph,GRAPH_LAYER_API.md section 11 CT12,lean/StructuralExhaustion/Graph/CT12.lean,Hypostructure.Graph.CT12,EG first CT12 consumer,,Graph CT12 constructor fixture,kernel_checked,Canonical graph constructor for the domain-neutral CT contract
graph.ct13,Graph,GRAPH_LAYER_API.md section 11 CT13,lean/StructuralExhaustion/Graph/CT13.lean,Hypostructure.Graph.CT13,EG first CT13 consumer,,Graph CT13 constructor fixture,kernel_checked,Canonical graph constructor for the domain-neutral CT contract
graph.ct14,Graph,GRAPH_LAYER_API.md section 11 CT14,lean/StructuralExhaustion/Graph/CT14.lean,Hypostructure.Graph.CT14,EG first CT14 consumer,,Graph CT14 constructor fixture,kernel_checked,Canonical graph constructor for the domain-neutral CT contract
graph.ct15,Graph,GRAPH_LAYER_API.md section 11 CT15,lean/StructuralExhaustion/Graph/CT15.lean,Hypostructure.Graph.CT15,EG first CT15 consumer,,Graph CT15 constructor fixture,kernel_checked,Canonical graph constructor for the domain-neutral CT contract
graph.ct16,Graph,GRAPH_LAYER_API.md section 11 CT16,lean/StructuralExhaustion/Graph/CT16.lean,Hypostructure.Graph.CT16,EG first CT16 consumer,,Graph CT16 constructor fixture,kernel_checked,Canonical graph constructor for the domain-neutral CT contract
graph.ct17,Graph,GRAPH_LAYER_API.md section 11 CT17,lean/StructuralExhaustion/Graph/CT17.lean,Hypostructure.Graph.CT17,EG first CT17 consumer,,Graph CT17 constructor fixture,kernel_checked,Canonical graph constructor for the domain-neutral CT contract
pde.representation,PDE,PDE_LAYER_API.md sections 4 and 5,,Hypostructure.PDE.Representation,,NS2D representation,PDE basics fixture,kernel_checked,Implemented representation semantics omitted by the source refresher
pde.elliptic-constraint-tail,PDE,PDE_LAYER_API.md section 6.2,,Hypostructure.PDE.EllipticConstraintTail,,PDE row 12,Finite local-tail gauge fixture,planned,Framework derives quotient and fallback
pde.local-closure-assembly,PDE,PDE_LAYER_API.md section 6.3,,Hypostructure.PDE.LocalClosureAssembly,,PDE pointwise closure,Pointwise assembly fixture,planned,No finite enumeration of the continuum domain
pde.compact-extraction,PDE,PDE_LAYER_API.md section 7,,Hypostructure.PDE.Compactness,,PDE compactness rows,Finite retained-obstruction fixture,planned,Extraction must retain the named obstruction
pde.budget,PDE,PDE_LAYER_API.md sections 8 and 12,,Hypostructure.PDE.Budget,,PDE rows 3 and 9,Energy-like budget fixture,planned,B1-B4 resource transcript
pde.closed-ledger,PDE,PDE_LAYER_API.md sections 8 and 10,,Hypostructure.PDE.ClosedLedger,,PDE rows 13 and 18,PDE propagation fixture,planned,Domain meaning for Core closed ledgers
pde.fast-track-execution,PDE,PDE_LAYER_API.md section 10,,Hypostructure.PDE.FastTrack.Execution,,PDE rows 5 through 18,Finite row-chain fixture,planned,Every complementary residual remains typed
pde.target-compactification,PDE,PDE_LAYER_API.md section 9,,Hypostructure.PDE.FastTrack.TargetCompactification,,PDE rows 7 9 10 and 18,Finite target shell fixture,planned,Escaping and in-window split is derived
pde.capacity-profile,PDE,PDE_LAYER_API.md section 9,,Hypostructure.PDE.FastTrack.CapacityProfile,,PDE rows 7 and 10,Finite capacity fixture,planned,Zero capacity closes or positive capacity survives
pde.scrc-profile,PDE,PDE_LAYER_API.md section 9,,Hypostructure.PDE.FastTrack.SCRCProfile,,PDE row 10,Finite rigid-cost classifier,planned,Rigid and cost quotient profile
pde.conservative-carrier,PDE,PDE_LAYER_API.md section 9,,Hypostructure.PDE.FastTrack.ConservativeCarrier,,PDE row 11,Finite carrier ledger fixture,planned,Framework derives the reduced sign input
pde.flux-radius,PDE,PDE_LAYER_API.md section 9,,Hypostructure.PDE.FastTrack.FluxRadius,,PDE row 14,Finite sign-gap fixture,planned,Strict feeding or equality decision
pde.saturation-profile,PDE,PDE_LAYER_API.md section 9,,Hypostructure.PDE.FastTrack.SaturationProfile,,PDE row 15,Finite saturation fixture,planned,Framework derives saturation remainder
pde.rigidity-profile,PDE,PDE_LAYER_API.md section 9,,Hypostructure.PDE.FastTrack.RigidityProfile,,PDE row 16,Finite rigidity fixture,planned,Imported rigidity remains a local contract
pde.profile-family,PDE,PDE_LAYER_API.md section 9,,Hypostructure.PDE.FastTrack.ProfileFamily,,PDE rows 9 and 15,Finite profile family fixture,planned,Residual-owned schedules only
pde.stochastic-lift,PDE,PDE_LAYER_API.md sections 10 and 11,,Hypostructure.PDE.FastTrack.StochasticLift,,PDE rows 17 and 17b,Finite probability-space fixture,planned,Optional lift with explicit missing-control residual
pde.navier-stokes,PDE,PDE_LAYER_API.md section 12,,Hypostructure.PDE.NavierStokes,,NS2D registration,NS2D representation fixture,kernel_checked,Faithful registration is not a final regularity theorem
pde.external-boundary,PDE,PDE_LAYER_API.md section 13,,Hypostructure.PDE.External,,Equation-specific analytic contracts,Exact-name allowlist fixture,planned,No final theorem route closure or target completeness axiom
