node_id,paper_ref,direct_predecessors,legacy_files,legacy_declarations,normalized_input,normalized_outcomes,observed_legacy_ct_ids,required_features,new_file,parity_module,legacy_kernel,new_kernel,parity_status,math_status,work_status,web_evidence,status,blocker
1,original_erdos_64_proof.tex node 1,,examples/erdos_64_eg/Erdos64EG/Node1.lean,,root,finite simple graph G,,,examples/hypostructure_erdos_64_eg/HypostructureErdos64EG/Node1.lean,examples/hypostructure_parity/HypostructureParity/Erdos64EG/Node1.lean,fresh,fresh,not_run,closed,captured,generated/hypostructure/web/snapshot.json,typechecked,semantic parity baseline not frozen
2,original_erdos_64_proof.tex node 2,1,examples/erdos_64_eg/Erdos64EG/Node2.lean,,node 1 residual,counterexample decision,,core.decision,examples/hypostructure_erdos_64_eg/HypostructureErdos64EG/Node2.lean,examples/hypostructure_parity/HypostructureParity/Erdos64EG/Node2.lean,fresh,fresh,not_run,closed,captured,generated/hypostructure/web/snapshot.json,typechecked,semantic parity baseline not frozen
3,original_erdos_64_proof.tex node 3,2,examples/erdos_64_eg/Erdos64EG/Node3.lean,,node 2 residual,not a counterexample terminal,,core.closure,examples/hypostructure_erdos_64_eg/HypostructureErdos64EG/Node3.lean,examples/hypostructure_parity/HypostructureParity/Erdos64EG/Node3.lean,fresh,fresh,not_run,closed,captured,generated/hypostructure/web/snapshot.json,typechecked,semantic parity baseline not frozen
4,original_erdos_64_proof.tex node 4,2,examples/erdos_64_eg/Erdos64EG/Node4.lean,,node 2 residual,lexicographically minimal counterexample,,core.focus-selection-work|core.progress|graph.progress,examples/hypostructure_erdos_64_eg/HypostructureErdos64EG/Node4.lean,examples/hypostructure_parity/HypostructureParity/Erdos64EG/Node4.lean,fresh,fresh,not_run,closed,captured,generated/hypostructure/web/snapshot.json,typechecked,semantic parity baseline not frozen
5,original_erdos_64_proof.tex node 5,4,examples/erdos_64_eg/Erdos64EG/Node5.lean,,node 4 residual,edge-rooted target algebra,,core.focus-selection-work|graph.rooted-return,examples/hypostructure_erdos_64_eg/HypostructureErdos64EG/Node5.lean,examples/hypostructure_parity/HypostructureParity/Erdos64EG/Node5.lean,fresh,fresh,not_run,closed,captured,generated/hypostructure/web/snapshot.json,typechecked,semantic parity baseline not frozen
6,original_erdos_64_proof.tex node 6,5,examples/erdos_64_eg/Erdos64EG/Node6.lean,,node 5 residual,Mersenne return decision,CT1,core.focus-selection-work|ct.ct1|graph.ct1|graph.rooted-return,examples/hypostructure_erdos_64_eg/HypostructureErdos64EG/Node6.lean,examples/hypostructure_parity/HypostructureParity/Erdos64EG/Node6.lean,fresh,fresh,not_run,closed,captured,generated/hypostructure/web/snapshot.json,typechecked,semantic parity baseline not frozen
7,original_erdos_64_proof.tex node 7,6,examples/erdos_64_eg/Erdos64EG/Node7.lean,,node 6 residual,power-of-two cycle terminal,,core.closure|ct.ct1|graph.ct1|graph.rooted-return,examples/hypostructure_erdos_64_eg/HypostructureErdos64EG/Node7.lean,examples/hypostructure_parity/HypostructureParity/Erdos64EG/Node7.lean,fresh,fresh,not_run,closed,captured,generated/hypostructure/web/snapshot.json,typechecked,semantic parity baseline not frozen
8,original_erdos_64_proof.tex node 8,6,examples/erdos_64_eg/Erdos64EG/Node8.lean,,node 6 residual,no proper minimum-degree-three subgraph,CT1,core.focus-selection-work|core.progress|graph.proper-subgraph-minimality,examples/hypostructure_erdos_64_eg/HypostructureErdos64EG/Node8.lean,examples/hypostructure_parity/HypostructureParity/Erdos64EG/Node8.lean,fresh,fresh,not_run,closed,captured,generated/hypostructure/web/snapshot.json,typechecked,semantic parity baseline not frozen
9,original_erdos_64_proof.tex node 9,8,examples/erdos_64_eg/Erdos64EG/Node9.lean,,node 8 residual,edge-deletion criticality,,core.focus-selection-work|graph.deletion-criticality,examples/hypostructure_erdos_64_eg/HypostructureErdos64EG/Node9.lean,examples/hypostructure_parity/HypostructureParity/Erdos64EG/Node9.lean,fresh,fresh,not_run,closed,captured,generated/hypostructure/web/snapshot.json,typechecked,semantic parity baseline not frozen
10,original_erdos_64_proof.tex node 10,9,examples/erdos_64_eg/Erdos64EG/Node10.lean,,node 9 residual,high-degree vertices independent,,core.focus-selection-work|graph.deletion-criticality,examples/hypostructure_erdos_64_eg/HypostructureErdos64EG/Node10.lean,examples/hypostructure_parity/HypostructureParity/Erdos64EG/Node10.lean,fresh,fresh,not_run,closed,captured,generated/hypostructure/web/snapshot.json,typechecked,semantic parity baseline not frozen
11,original_erdos_64_proof.tex node 11,10,examples/erdos_64_eg/Erdos64EG/Node11.lean,,node 10 residual,boundaried atoms and degree profile,,graph.boundaried-atom-profile,examples/hypostructure_erdos_64_eg/HypostructureErdos64EG/Node11.lean,examples/hypostructure_parity/HypostructureParity/Erdos64EG/Node11.lean,fresh,fresh,not_run,closed,captured,generated/hypostructure/web/snapshot.json,typechecked,semantic parity baseline not frozen
12,original_erdos_64_proof.tex node 12,11,examples/erdos_64_eg/Erdos64EG/Node12.lean,,node 11 residual,context-universal target-complete identifications,,core.proof-projection|graph.atom-response-coordinates|graph.boundaried-atom-profile,examples/hypostructure_erdos_64_eg/HypostructureErdos64EG/Node12.lean,examples/hypostructure_parity/HypostructureParity/Erdos64EG/Node12.lean,fresh,fresh,not_run,closed,captured,generated/hypostructure/web/snapshot.json,typechecked,semantic parity baseline not frozen
13,original_erdos_64_proof.tex node 13,12,examples/erdos_64_eg/Erdos64EG/Node13.lean,,node 12 residual,boundaried replacement,,core.proof-projection|graph.boundary-overlap|graph.atom-replacement,examples/hypostructure_erdos_64_eg/HypostructureErdos64EG/Node13.lean,examples/hypostructure_parity/HypostructureParity/Erdos64EG/Node13.lean,fresh,fresh,checked,closed,captured,generated/hypostructure/web/snapshot.json,migrated_closed,
14,original_erdos_64_proof.tex node 14,13,examples/erdos_64_eg/Erdos64EG/Node14.lean,,node 13 residual,hereditary target-uncompressibility,,core.proof-projection|graph.atom-replacement|graph.atom-response-coordinates,examples/hypostructure_erdos_64_eg/HypostructureErdos64EG/Node14.lean,examples/hypostructure_parity/HypostructureParity/Erdos64EG/Node14.lean,fresh,fresh,checked,closed,captured,generated/hypostructure/web/snapshot.json,migrated_closed,
15,original_erdos_64_proof.tex node 15,14,examples/erdos_64_eg/Erdos64EG/Node15.lean,,node 14 residual,P13-free decision,CT1,ct.ct1|graph.obstruction,examples/hypostructure_erdos_64_eg/HypostructureErdos64EG/Node15.lean,examples/hypostructure_parity/HypostructureParity/Erdos64EG/Node15.lean,fresh,fresh,checked,closed,captured,generated/hypostructure/web/snapshot.json,migrated_closed,
16,original_erdos_64_proof.tex node 16,15,examples/erdos_64_eg/Erdos64EG/Node16.lean,,node 15 residual,HSS target-cycle terminal,,ct.ct1,examples/hypostructure_erdos_64_eg/HypostructureErdos64EG/Node16.lean,examples/hypostructure_parity/HypostructureParity/Erdos64EG/Node16.lean,fresh,missing,not_run,not_assessed,not_captured,generated/examples/erdos-64.json,inventoried,clean baseline not frozen
17,original_erdos_64_proof.tex node 17,15,examples/erdos_64_eg/Erdos64EG/Node17.lean,,node 15 residual,maximal disjoint induced-P13 packing,,ct.ct12,examples/hypostructure_erdos_64_eg/HypostructureErdos64EG/Node17.lean,examples/hypostructure_parity/HypostructureParity/Erdos64EG/Node17.lean,fresh,missing,not_run,not_assessed,not_captured,generated/examples/erdos-64.json,inventoried,clean baseline not frozen
18,original_erdos_64_proof.tex node 18,17,examples/erdos_64_eg/Erdos64EG/Node18.lean,,node 17 residual,P13 label and curvature algebra,,ct.ct10,examples/hypostructure_erdos_64_eg/HypostructureErdos64EG/Node18.lean,examples/hypostructure_parity/HypostructureParity/Erdos64EG/Node18.lean,fresh,missing,not_run,not_assessed,not_captured,generated/examples/erdos-64.json,inventoried,clean baseline not frozen
19,original_erdos_64_proof.tex node 19,18,examples/erdos_64_eg/Erdos64EG/Node19.lean,,node 18 residual,near-cubic surplus decision,,,examples/hypostructure_erdos_64_eg/HypostructureErdos64EG/Node19.lean,examples/hypostructure_parity/HypostructureParity/Erdos64EG/Node19.lean,fresh,missing,not_run,not_assessed,not_captured,generated/examples/erdos-64.json,inventoried,clean baseline not frozen
20,original_erdos_64_proof.tex node 20,19,examples/erdos_64_eg/Erdos64EG/Node20.lean,,node 19 residual,surplus-pair accounting branch,,,examples/hypostructure_erdos_64_eg/HypostructureErdos64EG/Node20.lean,examples/hypostructure_parity/HypostructureParity/Erdos64EG/Node20.lean,fresh,missing,not_run,not_assessed,not_captured,generated/examples/erdos-64.json,inventoried,clean baseline not frozen
21,original_erdos_64_proof.tex node 21,19,examples/erdos_64_eg/Erdos64EG/Node21.lean,,node 19 residual,finite curvature enumeration,,ct.ct10,examples/hypostructure_erdos_64_eg/HypostructureErdos64EG/Node21.lean,examples/hypostructure_parity/HypostructureParity/Erdos64EG/Node21.lean,fresh,missing,not_run,not_assessed,not_captured,generated/examples/erdos-64.json,inventoried,clean baseline not frozen
22,original_erdos_64_proof.tex node 22,21,examples/erdos_64_eg/Erdos64EG/Node22.lean,,node 21 residual,P13 packing-density decision,,,examples/hypostructure_erdos_64_eg/HypostructureErdos64EG/Node22.lean,examples/hypostructure_parity/HypostructureParity/Erdos64EG/Node22.lean,fresh,missing,not_run,not_assessed,not_captured,generated/examples/erdos-64.json,inventoried,clean baseline not frozen
23,original_erdos_64_proof.tex node 23,22,examples/erdos_64_eg/Erdos64EG/Node23.lean,,node 22 residual,P13 window entropy overflow terminal,,,examples/hypostructure_erdos_64_eg/HypostructureErdos64EG/Node23.lean,examples/hypostructure_parity/HypostructureParity/Erdos64EG/Node23.lean,fresh,missing,not_run,not_assessed,not_captured,generated/examples/erdos-64.json,inventoried,clean baseline not frozen
24,original_erdos_64_proof.tex node 24,22,examples/erdos_64_eg/Erdos64EG/Node24.lean,,node 22 residual,window-density cap,,,examples/hypostructure_erdos_64_eg/HypostructureErdos64EG/Node24.lean,examples/hypostructure_parity/HypostructureParity/Erdos64EG/Node24.lean,fresh,missing,not_run,not_assessed,not_captured,generated/examples/erdos-64.json,inventoried,clean baseline not frozen
25,original_erdos_64_proof.tex node 25,24,examples/erdos_64_eg/Erdos64EG/Node25.lean,,node 24 residual,large componentwise P13-free remainder,,,examples/hypostructure_erdos_64_eg/HypostructureErdos64EG/Node25.lean,examples/hypostructure_parity/HypostructureParity/Erdos64EG/Node25.lean,fresh,missing,not_run,not_assessed,not_captured,generated/examples/erdos-64.json,inventoried,clean baseline not frozen
26,original_erdos_64_proof.tex node 26,25,examples/erdos_64_eg/Erdos64EG/Node26.lean,,node 25 residual,Residual A continuation,,,examples/hypostructure_erdos_64_eg/HypostructureErdos64EG/Node26.lean,examples/hypostructure_parity/HypostructureParity/Erdos64EG/Node26.lean,fresh,missing,not_run,not_assessed,not_captured,generated/examples/erdos-64.json,inventoried,clean baseline not frozen
27,original_erdos_64_proof.tex node 27,26,examples/erdos_64_eg/Erdos64EG/Node27.lean,,node 26 residual,no internal three-core,,,examples/hypostructure_erdos_64_eg/HypostructureErdos64EG/Node27.lean,examples/hypostructure_parity/HypostructureParity/Erdos64EG/Node27.lean,fresh,missing,not_run,not_assessed,not_captured,generated/examples/erdos-64.json,inventoried,clean baseline not frozen
28,original_erdos_64_proof.tex node 28,27,examples/erdos_64_eg/Erdos64EG/Node28.lean,,node 27 residual,positive deficiency,,,examples/hypostructure_erdos_64_eg/HypostructureErdos64EG/Node28.lean,examples/hypostructure_parity/HypostructureParity/Erdos64EG/Node28.lean,fresh,missing,not_run,not_assessed,not_captured,generated/examples/erdos-64.json,inventoried,clean baseline not frozen
29,original_erdos_64_proof.tex node 29,28,examples/erdos_64_eg/Erdos64EG/Node29.lean,,node 28 residual,external-incidence supply,,,examples/hypostructure_erdos_64_eg/HypostructureErdos64EG/Node29.lean,examples/hypostructure_parity/HypostructureParity/Erdos64EG/Node29.lean,fresh,missing,not_run,not_assessed,not_captured,generated/examples/erdos-64.json,inventoried,clean baseline not frozen
30,original_erdos_64_proof.tex node 30,29,examples/erdos_64_eg/Erdos64EG/Node30.lean,,node 29 residual,wedge lower bound,,,examples/hypostructure_erdos_64_eg/HypostructureErdos64EG/Node30.lean,examples/hypostructure_parity/HypostructureParity/Erdos64EG/Node30.lean,fresh,missing,not_run,not_assessed,not_captured,generated/examples/erdos-64.json,inventoried,clean baseline not frozen
31,original_erdos_64_proof.tex node 31,30,examples/erdos_64_eg/Erdos64EG/Node31.lean,,node 30 residual,curvature target rank,,ct.ct15,examples/hypostructure_erdos_64_eg/HypostructureErdos64EG/Node31.lean,examples/hypostructure_parity/HypostructureParity/Erdos64EG/Node31.lean,fresh,missing,not_run,not_assessed,not_captured,generated/examples/erdos-64.json,inventoried,clean baseline not frozen
32,original_erdos_64_proof.tex node 32,31,examples/erdos_64_eg/Erdos64EG/Node32.lean,,node 31 residual,rank-drop decision,,ct.ct15,examples/hypostructure_erdos_64_eg/HypostructureErdos64EG/Node32.lean,examples/hypostructure_parity/HypostructureParity/Erdos64EG/Node32.lean,fresh,missing,not_run,not_assessed,not_captured,generated/examples/erdos-64.json,inventoried,clean baseline not frozen
33,original_erdos_64_proof.tex node 33,32,examples/erdos_64_eg/Erdos64EG/Node33.lean,,node 32 residual,rank-reducing dependence branch,,ct.ct15,examples/hypostructure_erdos_64_eg/HypostructureErdos64EG/Node33.lean,examples/hypostructure_parity/HypostructureParity/Erdos64EG/Node33.lean,fresh,missing,not_run,not_assessed,not_captured,generated/examples/erdos-64.json,inventoried,clean baseline not frozen
34,original_erdos_64_proof.tex node 34,32,examples/erdos_64_eg/Erdos64EG/Node34.lean,,node 32 residual,full-curvature-rank branch,,ct.ct15,examples/hypostructure_erdos_64_eg/HypostructureErdos64EG/Node34.lean,examples/hypostructure_parity/HypostructureParity/Erdos64EG/Node34.lean,fresh,missing,not_run,not_assessed,not_captured,generated/examples/erdos-64.json,inventoried,clean baseline not frozen
35,original_erdos_64_proof.tex node 35,33,examples/erdos_64_eg/Erdos64EG/Node35.lean,,node 33 residual,rank-reducing dependence continuation,,ct.ct15,examples/hypostructure_erdos_64_eg/HypostructureErdos64EG/Node35.lean,examples/hypostructure_parity/HypostructureParity/Erdos64EG/Node35.lean,fresh,missing,not_run,not_assessed,not_captured,generated/examples/erdos-64.json,inventoried,clean baseline not frozen
36,original_erdos_64_proof.tex node 36,35,examples/erdos_64_eg/Erdos64EG/Node36.lean,,node 35 residual,outside-context validity decision,,ct.ct15,examples/hypostructure_erdos_64_eg/HypostructureErdos64EG/Node36.lean,examples/hypostructure_parity/HypostructureParity/Erdos64EG/Node36.lean,fresh,missing,not_run,not_assessed,not_captured,generated/examples/erdos-64.json,inventoried,clean baseline not frozen
37,original_erdos_64_proof.tex node 37,36,examples/erdos_64_eg/Erdos64EG/Node37.lean,,node 36 residual,target-defective quotient terminal,,ct.ct15,examples/hypostructure_erdos_64_eg/HypostructureErdos64EG/Node37.lean,examples/hypostructure_parity/HypostructureParity/Erdos64EG/Node37.lean,fresh,missing,not_run,not_assessed,not_captured,generated/examples/erdos-64.json,inventoried,clean baseline not frozen
38,original_erdos_64_proof.tex node 38,36,examples/erdos_64_eg/Erdos64EG/Node38.lean,,node 36 residual,proper-representative decision,,ct.ct15,examples/hypostructure_erdos_64_eg/HypostructureErdos64EG/Node38.lean,examples/hypostructure_parity/HypostructureParity/Erdos64EG/Node38.lean,fresh,missing,not_run,not_assessed,not_captured,generated/examples/erdos-64.json,inventoried,clean baseline not frozen
39,original_erdos_64_proof.tex node 39,38,examples/erdos_64_eg/Erdos64EG/Node39.lean,,node 38 residual,proper atom compression terminal,,ct.ct3,examples/hypostructure_erdos_64_eg/HypostructureErdos64EG/Node39.lean,examples/hypostructure_parity/HypostructureParity/Erdos64EG/Node39.lean,fresh,missing,not_run,not_assessed,not_captured,generated/examples/erdos-64.json,inventoried,clean baseline not frozen
40,original_erdos_64_proof.tex node 40,38,examples/erdos_64_eg/Erdos64EG/Node40.lean,,node 38 residual,enlarged connected support,,ct.ct15,examples/hypostructure_erdos_64_eg/HypostructureErdos64EG/Node40.lean,examples/hypostructure_parity/HypostructureParity/Erdos64EG/Node40.lean,fresh,missing,not_run,not_assessed,not_captured,generated/examples/erdos-64.json,inventoried,clean baseline not frozen
41,original_erdos_64_proof.tex node 41,40,examples/erdos_64_eg/Erdos64EG/Node41.lean,,node 40 residual,proper-or-whole support decision,,ct.ct15,examples/hypostructure_erdos_64_eg/HypostructureErdos64EG/Node41.lean,examples/hypostructure_parity/HypostructureParity/Erdos64EG/Node41.lean,fresh,missing,not_run,not_assessed,not_captured,generated/examples/erdos-64.json,inventoried,clean baseline not frozen
42,original_erdos_64_proof.tex node 42,41,examples/erdos_64_eg/Erdos64EG/Node42.lean,,node 41 residual,proper-support smearing terminal,,ct.ct3,examples/hypostructure_erdos_64_eg/HypostructureErdos64EG/Node42.lean,examples/hypostructure_parity/HypostructureParity/Erdos64EG/Node42.lean,fresh,missing,not_run,not_assessed,not_captured,generated/examples/erdos-64.json,inventoried,clean baseline not frozen
43,original_erdos_64_proof.tex node 43,41,examples/erdos_64_eg/Erdos64EG/Node43.lean,,node 41 residual,whole-graph delocalization,,ct.ct15,examples/hypostructure_erdos_64_eg/HypostructureErdos64EG/Node43.lean,examples/hypostructure_parity/HypostructureParity/Erdos64EG/Node43.lean,fresh,missing,not_run,not_assessed,not_captured,generated/examples/erdos-64.json,inventoried,clean baseline not frozen
44,original_erdos_64_proof.tex node 44,43,examples/erdos_64_eg/Erdos64EG/Node44.lean,,node 43 residual,one-three repair identity,,ct.ct15,examples/hypostructure_erdos_64_eg/HypostructureErdos64EG/Node44.lean,examples/hypostructure_parity/HypostructureParity/Erdos64EG/Node44.lean,fresh,missing,not_run,not_assessed,not_captured,generated/examples/erdos-64.json,inventoried,clean baseline not frozen
45,original_erdos_64_proof.tex node 45,44,examples/erdos_64_eg/Erdos64EG/Node45.lean,,node 44 residual,global target-replacement barrier,,ct.ct15,examples/hypostructure_erdos_64_eg/HypostructureErdos64EG/Node45.lean,examples/hypostructure_parity/HypostructureParity/Erdos64EG/Node45.lean,fresh,missing,not_run,not_assessed,not_captured,generated/examples/erdos-64.json,inventoried,clean baseline not frozen
46,original_erdos_64_proof.tex node 46,45,examples/erdos_64_eg/Erdos64EG/Node46.lean,,node 45 residual,rank-drop branch closure,,ct.ct15,examples/hypostructure_erdos_64_eg/HypostructureErdos64EG/Node46.lean,examples/hypostructure_parity/HypostructureParity/Erdos64EG/Node46.lean,fresh,missing,not_run,not_assessed,not_captured,generated/examples/erdos-64.json,inventoried,clean baseline not frozen
47,original_erdos_64_proof.tex node 47,34,examples/erdos_64_eg/Erdos64EG/Node47.lean,,node 34 residual,full-rank cross-panel continuation,,ct.ct15,examples/hypostructure_erdos_64_eg/HypostructureErdos64EG/Node47.lean,examples/hypostructure_parity/HypostructureParity/Erdos64EG/Node47.lean,fresh,missing,not_run,not_assessed,not_captured,generated/examples/erdos-64.json,inventoried,clean baseline not frozen
48,original_erdos_64_proof.tex node 48,47,examples/erdos_64_eg/Erdos64EG/Node48.lean,,node 47 residual,forced curvature cost,,,examples/hypostructure_erdos_64_eg/HypostructureErdos64EG/Node48.lean,examples/hypostructure_parity/HypostructureParity/Erdos64EG/Node48.lean,fresh,missing,not_run,not_assessed,not_captured,generated/examples/erdos-64.json,inventoried,clean baseline not frozen
49,original_erdos_64_proof.tex node 49,48,examples/erdos_64_eg/Erdos64EG/Node49.lean,,node 48 residual,per-vertex remainder entropy,,,examples/hypostructure_erdos_64_eg/HypostructureErdos64EG/Node49.lean,examples/hypostructure_parity/HypostructureParity/Erdos64EG/Node49.lean,fresh,missing,not_run,not_assessed,not_captured,generated/examples/erdos-64.json,inventoried,clean baseline not frozen
50,original_erdos_64_proof.tex node 50,49,examples/erdos_64_eg/Erdos64EG/Node50.lean,,node 49 residual,entropy-scale decision,,,examples/hypostructure_erdos_64_eg/HypostructureErdos64EG/Node50.lean,examples/hypostructure_parity/HypostructureParity/Erdos64EG/Node50.lean,fresh,missing,not_run,not_assessed,not_captured,generated/examples/erdos-64.json,inventoried,clean baseline not frozen
51,original_erdos_64_proof.tex node 51,50,examples/erdos_64_eg/Erdos64EG/Node51.lean,,node 50 residual,high-entropy remainder branch,,,examples/hypostructure_erdos_64_eg/HypostructureErdos64EG/Node51.lean,examples/hypostructure_parity/HypostructureParity/Erdos64EG/Node51.lean,fresh,missing,not_run,not_assessed,not_captured,generated/examples/erdos-64.json,inventoried,clean baseline not frozen
52,original_erdos_64_proof.tex node 52,51,examples/erdos_64_eg/Erdos64EG/Node52.lean,,node 51 residual,window and remainder accounting,,,examples/hypostructure_erdos_64_eg/HypostructureErdos64EG/Node52.lean,examples/hypostructure_parity/HypostructureParity/Erdos64EG/Node52.lean,fresh,missing,not_run,not_assessed,not_captured,generated/examples/erdos-64.json,inventoried,clean baseline not frozen
53,original_erdos_64_proof.tex node 53,50,examples/erdos_64_eg/Erdos64EG/Node53.lean,,node 50 residual,remaining-budget decision,,,examples/hypostructure_erdos_64_eg/HypostructureErdos64EG/Node53.lean,examples/hypostructure_parity/HypostructureParity/Erdos64EG/Node53.lean,fresh,missing,not_run,not_assessed,not_captured,generated/examples/erdos-64.json,inventoried,clean baseline not frozen
54,original_erdos_64_proof.tex node 54,52|53,examples/erdos_64_eg/Erdos64EG/Node54.lean,,join of nodes 52;53,entropy-cap terminal,,,examples/hypostructure_erdos_64_eg/HypostructureErdos64EG/Node54.lean,examples/hypostructure_parity/HypostructureParity/Erdos64EG/Node54.lean,fresh,missing,not_run,not_assessed,not_captured,generated/examples/erdos-64.json,inventoried,clean baseline not frozen
55,original_erdos_64_proof.tex node 55,53,examples/erdos_64_eg/Erdos64EG/Node55.lean,,node 53 residual,large-budget residual,,,examples/hypostructure_erdos_64_eg/HypostructureErdos64EG/Node55.lean,examples/hypostructure_parity/HypostructureParity/Erdos64EG/Node55.lean,fresh,missing,not_run,not_assessed,not_captured,generated/examples/erdos-64.json,inventoried,clean baseline not frozen
56,original_erdos_64_proof.tex node 56,55,examples/erdos_64_eg/Erdos64EG/Node56.lean,,node 55 residual,net-deficiency cap,,,examples/hypostructure_erdos_64_eg/HypostructureErdos64EG/Node56.lean,examples/hypostructure_parity/HypostructureParity/Erdos64EG/Node56.lean,fresh,missing,not_run,not_assessed,not_captured,generated/examples/erdos-64.json,inventoried,clean baseline not frozen
57,original_erdos_64_proof.tex node 57,56,examples/erdos_64_eg/Erdos64EG/Node57.lean,,node 56 residual,large-budget net-cap continuation,,,examples/hypostructure_erdos_64_eg/HypostructureErdos64EG/Node57.lean,examples/hypostructure_parity/HypostructureParity/Erdos64EG/Node57.lean,fresh,missing,not_run,not_assessed,not_captured,generated/examples/erdos-64.json,inventoried,clean baseline not frozen
58,original_erdos_64_proof.tex node 58,57,examples/erdos_64_eg/Erdos64EG/Node58.lean,,node 57 residual,net charge,,,examples/hypostructure_erdos_64_eg/HypostructureErdos64EG/Node58.lean,examples/hypostructure_parity/HypostructureParity/Erdos64EG/Node58.lean,fresh,missing,not_run,not_assessed,not_captured,generated/examples/erdos-64.json,inventoried,clean baseline not frozen
59,original_erdos_64_proof.tex node 59,58,examples/erdos_64_eg/Erdos64EG/Node59.lean,,node 58 residual,net-charge sign decision,,,examples/hypostructure_erdos_64_eg/HypostructureErdos64EG/Node59.lean,examples/hypostructure_parity/HypostructureParity/Erdos64EG/Node59.lean,fresh,missing,not_run,not_assessed,not_captured,generated/examples/erdos-64.json,inventoried,clean baseline not frozen
60,original_erdos_64_proof.tex node 60,59,examples/erdos_64_eg/Erdos64EG/Node60.lean,,node 59 residual,net-cap contradiction terminal,,,examples/hypostructure_erdos_64_eg/HypostructureErdos64EG/Node60.lean,examples/hypostructure_parity/HypostructureParity/Erdos64EG/Node60.lean,fresh,missing,not_run,not_assessed,not_captured,generated/examples/erdos-64.json,inventoried,clean baseline not frozen
61,original_erdos_64_proof.tex node 61,59,examples/erdos_64_eg/Erdos64EG/Node61.lean,,node 59 residual,connected negative support,CT11,ct.ct11,examples/hypostructure_erdos_64_eg/HypostructureErdos64EG/Node61.lean,examples/hypostructure_parity/HypostructureParity/Erdos64EG/Node61.lean,fresh,missing,not_run,not_assessed,not_captured,,inventoried,clean baseline not frozen
62,original_erdos_64_proof.tex node 62,61,examples/erdos_64_eg/Erdos64EG/Node62.lean,,node 61 residual,high-degree-surplus decision,,,examples/hypostructure_erdos_64_eg/HypostructureErdos64EG/Node62.lean,examples/hypostructure_parity/HypostructureParity/Erdos64EG/Node62.lean,fresh,missing,not_run,not_assessed,not_captured,,inventoried,clean baseline not frozen
63,original_erdos_64_proof.tex node 63,62,examples/erdos_64_eg/Erdos64EG/Node63.lean,,node 62 residual,Type A continuation,,,examples/hypostructure_erdos_64_eg/HypostructureErdos64EG/Node63.lean,examples/hypostructure_parity/HypostructureParity/Erdos64EG/Node63.lean,fresh,missing,not_run,not_assessed,not_captured,,inventoried,clean baseline not frozen
64,original_erdos_64_proof.tex node 64,62,examples/erdos_64_eg/Erdos64EG/Node64.lean,,node 62 residual,Type B continuation,,,examples/hypostructure_erdos_64_eg/HypostructureErdos64EG/Node64.lean,examples/hypostructure_parity/HypostructureParity/Erdos64EG/Node64.lean,fresh,missing,not_run,not_assessed,not_captured,,inventoried,clean baseline not frozen
65,original_erdos_64_proof.tex node 65,64|66,,,nodes 64|66 join,Type B assigned support,,,examples/hypostructure_erdos_64_eg/HypostructureErdos64EG/Node65.lean,examples/hypostructure_parity/HypostructureParity/Erdos64EG/Node65.lean,missing,missing,not_run,not_assessed,not_captured,generated/examples/erdos-64.json,inventoried,paper node lacks direct facade; legacy declaration binding and clean baseline required
66,original_erdos_64_proof.tex node 66,108,,,node 108 residual,Type A exit-seven input,,,examples/hypostructure_erdos_64_eg/HypostructureErdos64EG/Node66.lean,examples/hypostructure_parity/HypostructureParity/Erdos64EG/Node66.lean,missing,missing,not_run,not_assessed,not_captured,generated/examples/erdos-64.json,inventoried,paper node lacks direct facade; legacy declaration binding and clean baseline required
67,original_erdos_64_proof.tex node 67,65,,,node 65 residual,high-degree center independence,,ct.ct2|graph.ct2,examples/hypostructure_erdos_64_eg/HypostructureErdos64EG/Node67.lean,examples/hypostructure_parity/HypostructureParity/Erdos64EG/Node67.lean,missing,missing,not_run,not_assessed,not_captured,generated/examples/erdos-64.json,inventoried,paper node lacks direct facade; legacy declaration binding and clean baseline required
68,original_erdos_64_proof.tex node 68,67,,,node 67 residual,center degree decision,,,examples/hypostructure_erdos_64_eg/HypostructureErdos64EG/Node68.lean,examples/hypostructure_parity/HypostructureParity/Erdos64EG/Node68.lean,missing,missing,not_run,not_assessed,not_captured,generated/examples/erdos-64.json,inventoried,paper node lacks direct facade; legacy declaration binding and clean baseline required
69,original_erdos_64_proof.tex node 69,68,,,node 68 residual,degree-greater-than-four local dichotomy,,,examples/hypostructure_erdos_64_eg/HypostructureErdos64EG/Node69.lean,examples/hypostructure_parity/HypostructureParity/Erdos64EG/Node69.lean,missing,missing,not_run,not_assessed,not_captured,generated/examples/erdos-64.json,inventoried,paper node lacks direct facade; legacy declaration binding and clean baseline required
70,original_erdos_64_proof.tex node 70,68|69,,,nodes 68|69 join,fan-safe certificate graph,,,examples/hypostructure_erdos_64_eg/HypostructureErdos64EG/Node70.lean,examples/hypostructure_parity/HypostructureParity/Erdos64EG/Node70.lean,missing,missing,not_run,not_assessed,not_captured,generated/examples/erdos-64.json,inventoried,paper node lacks direct facade; legacy declaration binding and clean baseline required
71,original_erdos_64_proof.tex node 71,70,,,node 70 residual,certificate-label decision,,,examples/hypostructure_erdos_64_eg/HypostructureErdos64EG/Node71.lean,examples/hypostructure_parity/HypostructureParity/Erdos64EG/Node71.lean,missing,missing,not_run,not_assessed,not_captured,generated/examples/erdos-64.json,inventoried,paper node lacks direct facade; legacy declaration binding and clean baseline required
72,original_erdos_64_proof.tex node 72,71,,,node 71 residual,B2 ledger decision,,,examples/hypostructure_erdos_64_eg/HypostructureErdos64EG/Node72.lean,examples/hypostructure_parity/HypostructureParity/Erdos64EG/Node72.lean,missing,missing,not_run,not_assessed,not_captured,generated/examples/erdos-64.json,inventoried,paper node lacks direct facade; legacy declaration binding and clean baseline required
73,original_erdos_64_proof.tex node 73,72,,,node 72 residual,minimal Type B overlap residual,,,examples/hypostructure_erdos_64_eg/HypostructureErdos64EG/Node73.lean,examples/hypostructure_parity/HypostructureParity/Erdos64EG/Node73.lean,missing,missing,not_run,not_assessed,not_captured,generated/examples/erdos-64.json,inventoried,paper node lacks direct facade; legacy declaration binding and clean baseline required
74,original_erdos_64_proof.tex node 74,72,,,node 72 residual,B2 bridge reduction,,,examples/hypostructure_erdos_64_eg/HypostructureErdos64EG/Node74.lean,examples/hypostructure_parity/HypostructureParity/Erdos64EG/Node74.lean,missing,missing,not_run,not_assessed,not_captured,generated/examples/erdos-64.json,inventoried,paper node lacks direct facade; legacy declaration binding and clean baseline required
75,original_erdos_64_proof.tex node 75,71|73,,,nodes 71|73 join,bridge fan-mass accounting,,,examples/hypostructure_erdos_64_eg/HypostructureErdos64EG/Node75.lean,examples/hypostructure_parity/HypostructureParity/Erdos64EG/Node75.lean,missing,missing,not_run,not_assessed,not_captured,generated/examples/erdos-64.json,inventoried,paper node lacks direct facade; legacy declaration binding and clean baseline required
76,original_erdos_64_proof.tex node 76,74|75,,,nodes 74|75 join,Type B deficit closure,,,examples/hypostructure_erdos_64_eg/HypostructureErdos64EG/Node76.lean,examples/hypostructure_parity/HypostructureParity/Erdos64EG/Node76.lean,missing,missing,not_run,not_assessed,not_captured,generated/examples/erdos-64.json,inventoried,paper node lacks direct facade; legacy declaration binding and clean baseline required
77,original_erdos_64_proof.tex node 77,76,,,node 76 residual,Type B route-eight continuation,,,examples/hypostructure_erdos_64_eg/HypostructureErdos64EG/Node77.lean,examples/hypostructure_parity/HypostructureParity/Erdos64EG/Node77.lean,missing,missing,not_run,not_assessed,not_captured,generated/examples/erdos-64.json,inventoried,paper node lacks direct facade; legacy declaration binding and clean baseline required
78,original_erdos_64_proof.tex node 78,68,,,node 68 residual,degree-four branch,,,examples/hypostructure_erdos_64_eg/HypostructureErdos64EG/Node78.lean,examples/hypostructure_parity/HypostructureParity/Erdos64EG/Node78.lean,missing,missing,not_run,not_assessed,not_captured,generated/examples/erdos-64.json,inventoried,paper node lacks direct facade; legacy declaration binding and clean baseline required
79,original_erdos_64_proof.tex node 79,78,,,node 78 residual,degree-four fan profile,,,examples/hypostructure_erdos_64_eg/HypostructureErdos64EG/Node79.lean,examples/hypostructure_parity/HypostructureParity/Erdos64EG/Node79.lean,missing,missing,not_run,not_assessed,not_captured,generated/examples/erdos-64.json,inventoried,paper node lacks direct facade; legacy declaration binding and clean baseline required
80,original_erdos_64_proof.tex node 80,79,,,node 79 residual,degree-four certificate decision,,,examples/hypostructure_erdos_64_eg/HypostructureErdos64EG/Node80.lean,examples/hypostructure_parity/HypostructureParity/Erdos64EG/Node80.lean,missing,missing,not_run,not_assessed,not_captured,generated/examples/erdos-64.json,inventoried,paper node lacks direct facade; legacy declaration binding and clean baseline required
81,original_erdos_64_proof.tex node 81,80,,,node 80 residual,degree-four B2 ledger decision,,,examples/hypostructure_erdos_64_eg/HypostructureErdos64EG/Node81.lean,examples/hypostructure_parity/HypostructureParity/Erdos64EG/Node81.lean,missing,missing,not_run,not_assessed,not_captured,generated/examples/erdos-64.json,inventoried,paper node lacks direct facade; legacy declaration binding and clean baseline required
82,original_erdos_64_proof.tex node 82,81,,,node 81 residual,degree-four paid closure,,,examples/hypostructure_erdos_64_eg/HypostructureErdos64EG/Node82.lean,examples/hypostructure_parity/HypostructureParity/Erdos64EG/Node82.lean,missing,missing,not_run,not_assessed,not_captured,generated/examples/erdos-64.json,inventoried,paper node lacks direct facade; legacy declaration binding and clean baseline required
83,original_erdos_64_proof.tex node 83,81,,,node 81 residual,degree-four overlap residual,,,examples/hypostructure_erdos_64_eg/HypostructureErdos64EG/Node83.lean,examples/hypostructure_parity/HypostructureParity/Erdos64EG/Node83.lean,missing,missing,not_run,not_assessed,not_captured,generated/examples/erdos-64.json,inventoried,paper node lacks direct facade; legacy declaration binding and clean baseline required
84,original_erdos_64_proof.tex node 84,80|83,,,nodes 80|83 join,degree-four fan-mass route,,,examples/hypostructure_erdos_64_eg/HypostructureErdos64EG/Node84.lean,examples/hypostructure_parity/HypostructureParity/Erdos64EG/Node84.lean,missing,missing,not_run,not_assessed,not_captured,generated/examples/erdos-64.json,inventoried,paper node lacks direct facade; legacy declaration binding and clean baseline required
85,original_erdos_64_proof.tex node 85,82|84,,,nodes 82|84 join,degree-four Type B closure,,,examples/hypostructure_erdos_64_eg/HypostructureErdos64EG/Node85.lean,examples/hypostructure_parity/HypostructureParity/Erdos64EG/Node85.lean,missing,missing,not_run,not_assessed,not_captured,generated/examples/erdos-64.json,inventoried,paper node lacks direct facade; legacy declaration binding and clean baseline required
86,original_erdos_64_proof.tex node 86,63,,,node 63 residual,Type A zero-surplus support,,,examples/hypostructure_erdos_64_eg/HypostructureErdos64EG/Node86.lean,examples/hypostructure_parity/HypostructureParity/Erdos64EG/Node86.lean,missing,missing,not_run,not_assessed,not_captured,generated/examples/erdos-64.json,inventoried,paper node lacks direct facade; legacy declaration binding and clean baseline required
87,original_erdos_64_proof.tex node 87,86,,,node 86 residual,bounded subcubic P13-free support,,,examples/hypostructure_erdos_64_eg/HypostructureErdos64EG/Node87.lean,examples/hypostructure_parity/HypostructureParity/Erdos64EG/Node87.lean,missing,missing,not_run,not_assessed,not_captured,generated/examples/erdos-64.json,inventoried,paper node lacks direct facade; legacy declaration binding and clean baseline required
88,original_erdos_64_proof.tex node 88,87,,,node 87 residual,receiver threshold bounds,,,examples/hypostructure_erdos_64_eg/HypostructureErdos64EG/Node88.lean,examples/hypostructure_parity/HypostructureParity/Erdos64EG/Node88.lean,missing,missing,not_run,not_assessed,not_captured,generated/examples/erdos-64.json,inventoried,paper node lacks direct facade; legacy declaration binding and clean baseline required
89,original_erdos_64_proof.tex node 89,88|102,,,nodes 88|102 join,receiver saturation decision,,,examples/hypostructure_erdos_64_eg/HypostructureErdos64EG/Node89.lean,examples/hypostructure_parity/HypostructureParity/Erdos64EG/Node89.lean,missing,missing,not_run,not_assessed,not_captured,generated/examples/erdos-64.json,inventoried,paper node lacks direct facade; legacy declaration binding and clean baseline required
90,original_erdos_64_proof.tex node 90,89,,,node 89 residual,unsaturated receiver branch,,,examples/hypostructure_erdos_64_eg/HypostructureErdos64EG/Node90.lean,examples/hypostructure_parity/HypostructureParity/Erdos64EG/Node90.lean,missing,missing,not_run,not_assessed,not_captured,generated/examples/erdos-64.json,inventoried,paper node lacks direct facade; legacy declaration binding and clean baseline required
91,original_erdos_64_proof.tex node 91,90,,,node 90 residual,three-seven-eleven charge bound,,,examples/hypostructure_erdos_64_eg/HypostructureErdos64EG/Node91.lean,examples/hypostructure_parity/HypostructureParity/Erdos64EG/Node91.lean,missing,missing,not_run,not_assessed,not_captured,generated/examples/erdos-64.json,inventoried,paper node lacks direct facade; legacy declaration binding and clean baseline required
92,original_erdos_64_proof.tex node 92,91,,,node 91 residual,unsaturated Type A closure,,,examples/hypostructure_erdos_64_eg/HypostructureErdos64EG/Node92.lean,examples/hypostructure_parity/HypostructureParity/Erdos64EG/Node92.lean,missing,missing,not_run,not_assessed,not_captured,generated/examples/erdos-64.json,inventoried,paper node lacks direct facade; legacy declaration binding and clean baseline required
93,original_erdos_64_proof.tex node 93,89,,,node 89 residual,visible receiver-entry decision,,,examples/hypostructure_erdos_64_eg/HypostructureErdos64EG/Node93.lean,examples/hypostructure_parity/HypostructureParity/Erdos64EG/Node93.lean,missing,missing,not_run,not_assessed,not_captured,generated/examples/erdos-64.json,inventoried,paper node lacks direct facade; legacy declaration binding and clean baseline required
94,original_erdos_64_proof.tex node 94,93,,,node 93 residual,silent excess lower bound,,,examples/hypostructure_erdos_64_eg/HypostructureErdos64EG/Node94.lean,examples/hypostructure_parity/HypostructureParity/Erdos64EG/Node94.lean,missing,missing,not_run,not_assessed,not_captured,generated/examples/erdos-64.json,inventoried,paper node lacks direct facade; legacy declaration binding and clean baseline required
95,original_erdos_64_proof.tex node 95,93,,,node 93 residual,Mersenne-return exit decision,,,examples/hypostructure_erdos_64_eg/HypostructureErdos64EG/Node95.lean,examples/hypostructure_parity/HypostructureParity/Erdos64EG/Node95.lean,missing,missing,not_run,not_assessed,not_captured,generated/examples/erdos-64.json,inventoried,paper node lacks direct facade; legacy declaration binding and clean baseline required
96,original_erdos_64_proof.tex node 96,95,,,node 95 residual,Mersenne target terminal,,ct.ct1|graph.ct1,examples/hypostructure_erdos_64_eg/HypostructureErdos64EG/Node96.lean,examples/hypostructure_parity/HypostructureParity/Erdos64EG/Node96.lean,missing,missing,not_run,not_assessed,not_captured,generated/examples/erdos-64.json,inventoried,paper node lacks direct facade; legacy declaration binding and clean baseline required
97,original_erdos_64_proof.tex node 97,95,,,node 95 residual,power-of-two-theta exit decision,,,examples/hypostructure_erdos_64_eg/HypostructureErdos64EG/Node97.lean,examples/hypostructure_parity/HypostructureParity/Erdos64EG/Node97.lean,missing,missing,not_run,not_assessed,not_captured,generated/examples/erdos-64.json,inventoried,paper node lacks direct facade; legacy declaration binding and clean baseline required
98,original_erdos_64_proof.tex node 98,97,,,node 97 residual,theta target terminal,,ct.ct1|graph.ct1,examples/hypostructure_erdos_64_eg/HypostructureErdos64EG/Node98.lean,examples/hypostructure_parity/HypostructureParity/Erdos64EG/Node98.lean,missing,missing,not_run,not_assessed,not_captured,generated/examples/erdos-64.json,inventoried,paper node lacks direct facade; legacy declaration binding and clean baseline required
99,original_erdos_64_proof.tex node 99,97,,,node 97 residual,P13 collision exit decision,,,examples/hypostructure_erdos_64_eg/HypostructureErdos64EG/Node99.lean,examples/hypostructure_parity/HypostructureParity/Erdos64EG/Node99.lean,missing,missing,not_run,not_assessed,not_captured,generated/examples/erdos-64.json,inventoried,paper node lacks direct facade; legacy declaration binding and clean baseline required
100,original_erdos_64_proof.tex node 100,99,,,node 99 residual,label-collision terminal,,ct.ct1|graph.ct1,examples/hypostructure_erdos_64_eg/HypostructureErdos64EG/Node100.lean,examples/hypostructure_parity/HypostructureParity/Erdos64EG/Node100.lean,missing,missing,not_run,not_assessed,not_captured,generated/examples/erdos-64.json,inventoried,paper node lacks direct facade; legacy declaration binding and clean baseline required
101,original_erdos_64_proof.tex node 101,94|99,,,nodes 94|99 join,target-defect exit decision,,,examples/hypostructure_erdos_64_eg/HypostructureErdos64EG/Node101.lean,examples/hypostructure_parity/HypostructureParity/Erdos64EG/Node101.lean,missing,missing,not_run,not_assessed,not_captured,generated/examples/erdos-64.json,inventoried,paper node lacks direct facade; legacy declaration binding and clean baseline required
102,original_erdos_64_proof.tex node 102,101,,,node 101 residual,target-defect peeling step,,ct.ct12|graph.ct12,examples/hypostructure_erdos_64_eg/HypostructureErdos64EG/Node102.lean,examples/hypostructure_parity/HypostructureParity/Erdos64EG/Node102.lean,missing,missing,not_run,not_assessed,not_captured,generated/examples/erdos-64.json,inventoried,paper node lacks direct facade; legacy declaration binding and clean baseline required
103,original_erdos_64_proof.tex node 103,101,,,node 101 residual,response-compression exit decision,,,examples/hypostructure_erdos_64_eg/HypostructureErdos64EG/Node103.lean,examples/hypostructure_parity/HypostructureParity/Erdos64EG/Node103.lean,missing,missing,not_run,not_assessed,not_captured,generated/examples/erdos-64.json,inventoried,paper node lacks direct facade; legacy declaration binding and clean baseline required
104,original_erdos_64_proof.tex node 104,103,,,node 103 residual,uncompressibility terminal,,ct.ct3|graph.ct3,examples/hypostructure_erdos_64_eg/HypostructureErdos64EG/Node104.lean,examples/hypostructure_parity/HypostructureParity/Erdos64EG/Node104.lean,missing,missing,not_run,not_assessed,not_captured,generated/examples/erdos-64.json,inventoried,paper node lacks direct facade; legacy declaration binding and clean baseline required
105,original_erdos_64_proof.tex node 105,103,,,node 103 residual,delocalization exit decision,,,examples/hypostructure_erdos_64_eg/HypostructureErdos64EG/Node105.lean,examples/hypostructure_parity/HypostructureParity/Erdos64EG/Node105.lean,missing,missing,not_run,not_assessed,not_captured,generated/examples/erdos-64.json,inventoried,paper node lacks direct facade; legacy declaration binding and clean baseline required
106,original_erdos_64_proof.tex node 106,105,,,node 105 residual,delocalization terminal,,,examples/hypostructure_erdos_64_eg/HypostructureErdos64EG/Node106.lean,examples/hypostructure_parity/HypostructureParity/Erdos64EG/Node106.lean,missing,missing,not_run,not_assessed,not_captured,generated/examples/erdos-64.json,inventoried,paper node lacks direct facade; legacy declaration binding and clean baseline required
107,original_erdos_64_proof.tex node 107,105,,,node 105 residual,decorated Type B exit decision,,,examples/hypostructure_erdos_64_eg/HypostructureErdos64EG/Node107.lean,examples/hypostructure_parity/HypostructureParity/Erdos64EG/Node107.lean,missing,missing,not_run,not_assessed,not_captured,generated/examples/erdos-64.json,inventoried,paper node lacks direct facade; legacy declaration binding and clean baseline required
108,original_erdos_64_proof.tex node 108,107,,,node 107 residual,Type B return,,,examples/hypostructure_erdos_64_eg/HypostructureErdos64EG/Node108.lean,examples/hypostructure_parity/HypostructureParity/Erdos64EG/Node108.lean,missing,missing,not_run,not_assessed,not_captured,generated/examples/erdos-64.json,inventoried,paper node lacks direct facade; legacy declaration binding and clean baseline required
109,original_erdos_64_proof.tex node 109,107,,,node 107 residual,route-eight residual,,,examples/hypostructure_erdos_64_eg/HypostructureErdos64EG/Node109.lean,examples/hypostructure_parity/HypostructureParity/Erdos64EG/Node109.lean,missing,missing,not_run,not_assessed,not_captured,generated/examples/erdos-64.json,inventoried,paper node lacks direct facade; legacy declaration binding and clean baseline required
110,original_erdos_64_proof.tex node 110,77|109,,,nodes 77|109 join,canonical route-eight profile,,,examples/hypostructure_erdos_64_eg/HypostructureErdos64EG/Node110.lean,examples/hypostructure_parity/HypostructureParity/Erdos64EG/Node110.lean,missing,missing,not_run,not_assessed,not_captured,generated/examples/erdos-64.json,inventoried,paper node lacks direct facade; legacy declaration binding and clean baseline required
111,original_erdos_64_proof.tex node 111,110,,,node 110 residual,global Type A collection extraction,,,examples/hypostructure_erdos_64_eg/HypostructureErdos64EG/Node111.lean,examples/hypostructure_parity/HypostructureParity/Erdos64EG/Node111.lean,missing,missing,not_run,not_assessed,not_captured,generated/examples/erdos-64.json,inventoried,paper node lacks direct facade; legacy declaration binding and clean baseline required
112,original_erdos_64_proof.tex node 112,111,,,node 111 residual,route-eight basin burden,,,examples/hypostructure_erdos_64_eg/HypostructureErdos64EG/Node112.lean,examples/hypostructure_parity/HypostructureParity/Erdos64EG/Node112.lean,missing,missing,not_run,not_assessed,not_captured,generated/examples/erdos-64.json,inventoried,paper node lacks direct facade; legacy declaration binding and clean baseline required
113,original_erdos_64_proof.tex node 113,112,,,node 112 residual,large-budget Type A deficit,,,examples/hypostructure_erdos_64_eg/HypostructureErdos64EG/Node113.lean,examples/hypostructure_parity/HypostructureParity/Erdos64EG/Node113.lean,missing,missing,not_run,not_assessed,not_captured,generated/examples/erdos-64.json,inventoried,paper node lacks direct facade; legacy declaration binding and clean baseline required
114,original_erdos_64_proof.tex node 114,113,,,node 113 residual,minimal target-complete carrier core,,,examples/hypostructure_erdos_64_eg/HypostructureErdos64EG/Node114.lean,examples/hypostructure_parity/HypostructureParity/Erdos64EG/Node114.lean,missing,missing,not_run,not_assessed,not_captured,generated/examples/erdos-64.json,inventoried,paper node lacks direct facade; legacy declaration binding and clean baseline required
115,original_erdos_64_proof.tex node 115,114,,,node 114 residual,small carrier-core decision,,,examples/hypostructure_erdos_64_eg/HypostructureErdos64EG/Node115.lean,examples/hypostructure_parity/HypostructureParity/Erdos64EG/Node115.lean,missing,missing,not_run,not_assessed,not_captured,generated/examples/erdos-64.json,inventoried,paper node lacks direct facade; legacy declaration binding and clean baseline required
116,original_erdos_64_proof.tex node 116,115,,,node 115 residual,existing exits terminal,,,examples/hypostructure_erdos_64_eg/HypostructureErdos64EG/Node116.lean,examples/hypostructure_parity/HypostructureParity/Erdos64EG/Node116.lean,missing,missing,not_run,not_assessed,not_captured,generated/examples/erdos-64.json,inventoried,paper node lacks direct facade; legacy declaration binding and clean baseline required
117,original_erdos_64_proof.tex node 117,115,,,node 115 residual,two-carrier decision,,,examples/hypostructure_erdos_64_eg/HypostructureErdos64EG/Node117.lean,examples/hypostructure_parity/HypostructureParity/Erdos64EG/Node117.lean,missing,missing,not_run,not_assessed,not_captured,generated/examples/erdos-64.json,inventoried,paper node lacks direct facade; legacy declaration binding and clean baseline required
118,original_erdos_64_proof.tex node 118,117,,,node 117 residual,two-carrier route-eight entry,,,examples/hypostructure_erdos_64_eg/HypostructureErdos64EG/Node118.lean,examples/hypostructure_parity/HypostructureParity/Erdos64EG/Node118.lean,missing,missing,not_run,not_assessed,not_captured,generated/examples/erdos-64.json,inventoried,paper node lacks direct facade; legacy declaration binding and clean baseline required
119,original_erdos_64_proof.tex node 119,117,,,node 117 residual,private-carrier branch,,,examples/hypostructure_erdos_64_eg/HypostructureErdos64EG/Node119.lean,examples/hypostructure_parity/HypostructureParity/Erdos64EG/Node119.lean,missing,missing,not_run,not_assessed,not_captured,generated/examples/erdos-64.json,inventoried,paper node lacks direct facade; legacy declaration binding and clean baseline required
120,original_erdos_64_proof.tex node 120,119,,,node 119 residual,private-carrier upper budget,,,examples/hypostructure_erdos_64_eg/HypostructureErdos64EG/Node120.lean,examples/hypostructure_parity/HypostructureParity/Erdos64EG/Node120.lean,missing,missing,not_run,not_assessed,not_captured,generated/examples/erdos-64.json,inventoried,paper node lacks direct facade; legacy declaration binding and clean baseline required
121,original_erdos_64_proof.tex node 121,120,,,node 120 residual,basin lower budget,,,examples/hypostructure_erdos_64_eg/HypostructureErdos64EG/Node121.lean,examples/hypostructure_parity/HypostructureParity/Erdos64EG/Node121.lean,missing,missing,not_run,not_assessed,not_captured,generated/examples/erdos-64.json,inventoried,paper node lacks direct facade; legacy declaration binding and clean baseline required
122,original_erdos_64_proof.tex node 122,121,,,node 121 residual,private-carrier contradiction,,,examples/hypostructure_erdos_64_eg/HypostructureErdos64EG/Node122.lean,examples/hypostructure_parity/HypostructureParity/Erdos64EG/Node122.lean,missing,missing,not_run,not_assessed,not_captured,generated/examples/erdos-64.json,inventoried,paper node lacks direct facade; legacy declaration binding and clean baseline required
123,original_erdos_64_proof.tex node 123,118,,,node 118 residual,target-defect pressure descent,,,examples/hypostructure_erdos_64_eg/HypostructureErdos64EG/Node123.lean,examples/hypostructure_parity/HypostructureParity/Erdos64EG/Node123.lean,missing,missing,not_run,not_assessed,not_captured,generated/examples/erdos-64.json,inventoried,paper node lacks direct facade; legacy declaration binding and clean baseline required
124,original_erdos_64_proof.tex node 124,123,,,node 123 residual,two-carrier no-go terminal,,,examples/hypostructure_erdos_64_eg/HypostructureErdos64EG/Node124.lean,examples/hypostructure_parity/HypostructureParity/Erdos64EG/Node124.lean,missing,missing,not_run,not_assessed,not_captured,generated/examples/erdos-64.json,inventoried,paper node lacks direct facade; legacy declaration binding and clean baseline required
125,original_erdos_64_proof.tex node 125,20,,,node 20 residual,sparse-pressure survivor,,,examples/hypostructure_erdos_64_eg/HypostructureErdos64EG/Node125.lean,examples/hypostructure_parity/HypostructureParity/Erdos64EG/Node125.lean,missing,missing,not_run,not_assessed,not_captured,generated/examples/erdos-64.json,inventoried,paper node lacks direct facade; legacy declaration binding and clean baseline required
126,original_erdos_64_proof.tex node 126,125,,,node 125 residual,sparse envelope,,,examples/hypostructure_erdos_64_eg/HypostructureErdos64EG/Node126.lean,examples/hypostructure_parity/HypostructureParity/Erdos64EG/Node126.lean,missing,missing,not_run,not_assessed,not_captured,generated/examples/erdos-64.json,inventoried,paper node lacks direct facade; legacy declaration binding and clean baseline required
127,original_erdos_64_proof.tex node 127,126,,,node 126 residual,excess-port extraction,,ct.ct6|graph.ct6,examples/hypostructure_erdos_64_eg/HypostructureErdos64EG/Node127.lean,examples/hypostructure_parity/HypostructureParity/Erdos64EG/Node127.lean,missing,missing,not_run,not_assessed,not_captured,generated/examples/erdos-64.json,inventoried,paper node lacks direct facade; legacy declaration binding and clean baseline required
128,original_erdos_64_proof.tex node 128,127,,,node 127 residual,canonical surplus-port activation,,ct.ct6|graph.ct6,examples/hypostructure_erdos_64_eg/HypostructureErdos64EG/Node128.lean,examples/hypostructure_parity/HypostructureParity/Erdos64EG/Node128.lean,missing,missing,not_run,not_assessed,not_captured,generated/examples/erdos-64.json,inventoried,paper node lacks direct facade; legacy declaration binding and clean baseline required
129,original_erdos_64_proof.tex node 129,128,,,node 128 residual,full active family and baseline,,,examples/hypostructure_erdos_64_eg/HypostructureErdos64EG/Node129.lean,examples/hypostructure_parity/HypostructureParity/Erdos64EG/Node129.lean,missing,missing,not_run,not_assessed,not_captured,generated/examples/erdos-64.json,inventoried,paper node lacks direct facade; legacy declaration binding and clean baseline required
130,original_erdos_64_proof.tex node 130,129,,,node 129 residual,free-or-blocked pair decision,,ct.ct10|graph.ct10,examples/hypostructure_erdos_64_eg/HypostructureErdos64EG/Node130.lean,examples/hypostructure_parity/HypostructureParity/Erdos64EG/Node130.lean,missing,missing,not_run,not_assessed,not_captured,generated/examples/erdos-64.json,inventoried,paper node lacks direct facade; legacy declaration binding and clean baseline required
131,original_erdos_64_proof.tex node 131,130,,,node 130 residual,free-pair entropy bound,,,examples/hypostructure_erdos_64_eg/HypostructureErdos64EG/Node131.lean,examples/hypostructure_parity/HypostructureParity/Erdos64EG/Node131.lean,missing,missing,not_run,not_assessed,not_captured,generated/examples/erdos-64.json,inventoried,paper node lacks direct facade; legacy declaration binding and clean baseline required
132,original_erdos_64_proof.tex node 132,130,,,node 130 residual,blocked-pair routing decision,,,examples/hypostructure_erdos_64_eg/HypostructureErdos64EG/Node132.lean,examples/hypostructure_parity/HypostructureParity/Erdos64EG/Node132.lean,missing,missing,not_run,not_assessed,not_captured,generated/examples/erdos-64.json,inventoried,paper node lacks direct facade; legacy declaration binding and clean baseline required
133,original_erdos_64_proof.tex node 133,132,,,node 132 residual,sparse surplus exit terminal,,,examples/hypostructure_erdos_64_eg/HypostructureErdos64EG/Node133.lean,examples/hypostructure_parity/HypostructureParity/Erdos64EG/Node133.lean,missing,missing,not_run,not_assessed,not_captured,generated/examples/erdos-64.json,inventoried,paper node lacks direct facade; legacy declaration binding and clean baseline required
134,original_erdos_64_proof.tex node 134,132,,,node 132 residual,canonical blocker ledger,,,examples/hypostructure_erdos_64_eg/HypostructureErdos64EG/Node134.lean,examples/hypostructure_parity/HypostructureParity/Erdos64EG/Node134.lean,missing,missing,not_run,not_assessed,not_captured,generated/examples/erdos-64.json,inventoried,paper node lacks direct facade; legacy declaration binding and clean baseline required
135,original_erdos_64_proof.tex node 135,134,,,node 134 residual,window-join pressure identity,,,examples/hypostructure_erdos_64_eg/HypostructureErdos64EG/Node135.lean,examples/hypostructure_parity/HypostructureParity/Erdos64EG/Node135.lean,missing,missing,not_run,not_assessed,not_captured,generated/examples/erdos-64.json,inventoried,paper node lacks direct facade; legacy declaration binding and clean baseline required
136,original_erdos_64_proof.tex node 136,135,,,node 135 residual,tokenized blocked-pair ledger,,,examples/hypostructure_erdos_64_eg/HypostructureErdos64EG/Node136.lean,examples/hypostructure_parity/HypostructureParity/Erdos64EG/Node136.lean,missing,missing,not_run,not_assessed,not_captured,generated/examples/erdos-64.json,inventoried,paper node lacks direct facade; legacy declaration binding and clean baseline required
137,original_erdos_64_proof.tex node 137,131|136,,,nodes 131|136 join,coupled overload decision,,ct.ct9|graph.ct9,examples/hypostructure_erdos_64_eg/HypostructureErdos64EG/Node137.lean,examples/hypostructure_parity/HypostructureParity/Erdos64EG/Node137.lean,missing,missing,not_run,not_assessed,not_captured,generated/examples/erdos-64.json,inventoried,paper node lacks direct facade; legacy declaration binding and clean baseline required
138,original_erdos_64_proof.tex node 138,137,,,node 137 residual,near-cubic spine terminal,,,examples/hypostructure_erdos_64_eg/HypostructureErdos64EG/Node138.lean,examples/hypostructure_parity/HypostructureParity/Erdos64EG/Node138.lean,missing,missing,not_run,not_assessed,not_captured,generated/examples/erdos-64.json,inventoried,paper node lacks direct facade; legacy declaration binding and clean baseline required
139,original_erdos_64_proof.tex node 139,137,,,node 137 residual,window-token-class decision,,,examples/hypostructure_erdos_64_eg/HypostructureErdos64EG/Node139.lean,examples/hypostructure_parity/HypostructureParity/Erdos64EG/Node139.lean,missing,missing,not_run,not_assessed,not_captured,generated/examples/erdos-64.json,inventoried,paper node lacks direct facade; legacy declaration binding and clean baseline required
140,original_erdos_64_proof.tex node 140,139,,,node 139 residual,window-incidence geometric audit,,ct.ct7|graph.ct7,examples/hypostructure_erdos_64_eg/HypostructureErdos64EG/Node140.lean,examples/hypostructure_parity/HypostructureParity/Erdos64EG/Node140.lean,missing,missing,not_run,not_assessed,not_captured,generated/examples/erdos-64.json,inventoried,paper node lacks direct facade; legacy declaration binding and clean baseline required
141,original_erdos_64_proof.tex node 141,139,,,node 139 residual,remainder-token-class decision,,,examples/hypostructure_erdos_64_eg/HypostructureErdos64EG/Node141.lean,examples/hypostructure_parity/HypostructureParity/Erdos64EG/Node141.lean,missing,missing,not_run,not_assessed,not_captured,generated/examples/erdos-64.json,inventoried,paper node lacks direct facade; legacy declaration binding and clean baseline required
142,original_erdos_64_proof.tex node 142,141,,,node 141 residual,remainder-surplus geometric audit,,ct.ct7|graph.ct7,examples/hypostructure_erdos_64_eg/HypostructureErdos64EG/Node142.lean,examples/hypostructure_parity/HypostructureParity/Erdos64EG/Node142.lean,missing,missing,not_run,not_assessed,not_captured,generated/examples/erdos-64.json,inventoried,paper node lacks direct facade; legacy declaration binding and clean baseline required
143,original_erdos_64_proof.tex node 143,141,,,node 141 residual,primitive-carrier geometric audit,,ct.ct7|graph.ct7,examples/hypostructure_erdos_64_eg/HypostructureErdos64EG/Node143.lean,examples/hypostructure_parity/HypostructureParity/Erdos64EG/Node143.lean,missing,missing,not_run,not_assessed,not_captured,generated/examples/erdos-64.json,inventoried,paper node lacks direct facade; legacy declaration binding and clean baseline required
144,original_erdos_64_proof.tex node 144,140|142|143,,,nodes 140|142|143 join,homogeneous bottleneck discharge,,,examples/hypostructure_erdos_64_eg/HypostructureErdos64EG/Node144.lean,examples/hypostructure_parity/HypostructureParity/Erdos64EG/Node144.lean,missing,missing,not_run,not_assessed,not_captured,generated/examples/erdos-64.json,inventoried,paper node lacks direct facade; legacy declaration binding and clean baseline required
145,original_erdos_64_proof.tex node 145,24,examples/erdos_64_eg/Erdos64EG/Node145.lean,,node 24 residual,hot-cold window interface,,,examples/hypostructure_erdos_64_eg/HypostructureErdos64EG/Node145.lean,examples/hypostructure_parity/HypostructureParity/Erdos64EG/Node145.lean,fresh,missing,not_run,not_assessed,not_captured,generated/examples/erdos-64.json,inventoried,clean baseline not frozen
146,original_erdos_64_proof.tex node 146,145,examples/erdos_64_eg/Erdos64EG/Node146.lean,,node 145 residual,route-eight density decision,,,examples/hypostructure_erdos_64_eg/HypostructureErdos64EG/Node146.lean,examples/hypostructure_parity/HypostructureParity/Erdos64EG/Node146.lean,fresh,missing,not_run,not_assessed,not_captured,generated/examples/erdos-64.json,inventoried,clean baseline not frozen
147,original_erdos_64_proof.tex node 147,146,examples/erdos_64_eg/Erdos64EG/Node147.lean,,node 146 residual,route-eight collision terminal,,,examples/hypostructure_erdos_64_eg/HypostructureErdos64EG/Node147.lean,examples/hypostructure_parity/HypostructureParity/Erdos64EG/Node147.lean,fresh,missing,not_run,not_assessed,not_captured,generated/examples/erdos-64.json,inventoried,clean baseline not frozen
148,original_erdos_64_proof.tex node 148,146,examples/erdos_64_eg/Erdos64EG/Node148.lean,,node 146 residual,live-hot entropy-cap decision,,,examples/hypostructure_erdos_64_eg/HypostructureErdos64EG/Node148.lean,examples/hypostructure_parity/HypostructureParity/Erdos64EG/Node148.lean,fresh,missing,not_run,not_assessed,not_captured,generated/examples/erdos-64.json,inventoried,clean baseline not frozen
149,original_erdos_64_proof.tex node 149,148,examples/erdos_64_eg/Erdos64EG/Node149.lean,,node 148 residual,P13 density-cap terminal,,,examples/hypostructure_erdos_64_eg/HypostructureErdos64EG/Node149.lean,examples/hypostructure_parity/HypostructureParity/Erdos64EG/Node149.lean,fresh,missing,not_run,not_assessed,not_captured,generated/examples/erdos-64.json,inventoried,clean baseline not frozen
150,original_erdos_64_proof.tex node 150,148,examples/erdos_64_eg/Erdos64EG/Node150.lean,,node 148 residual,cold-mass residual,,,examples/hypostructure_erdos_64_eg/HypostructureErdos64EG/Node150.lean,examples/hypostructure_parity/HypostructureParity/Erdos64EG/Node150.lean,fresh,missing,not_run,not_assessed,not_captured,generated/examples/erdos-64.json,inventoried,clean baseline not frozen
151,original_erdos_64_proof.tex node 151,150,examples/erdos_64_eg/Erdos64EG/Node151.lean,,node 150 residual,ambient-cubic cold-window reduction,,,examples/hypostructure_erdos_64_eg/HypostructureErdos64EG/Node151.lean,examples/hypostructure_parity/HypostructureParity/Erdos64EG/Node151.lean,fresh,missing,not_run,not_assessed,not_captured,generated/examples/erdos-64.json,inventoried,clean baseline not frozen
152,original_erdos_64_proof.tex node 152,151,examples/erdos_64_eg/Erdos64EG/Node152.lean,,node 151 residual,cold-window stub excess,,,examples/hypostructure_erdos_64_eg/HypostructureErdos64EG/Node152.lean,examples/hypostructure_parity/HypostructureParity/Erdos64EG/Node152.lean,fresh,missing,not_run,not_assessed,not_captured,generated/examples/erdos-64.json,inventoried,clean baseline not frozen
153,original_erdos_64_proof.tex node 153,152,examples/erdos_64_eg/Erdos64EG/Node153.lean,,node 152 residual,cold-corridor first-failure extraction,,ct.ct6,examples/hypostructure_erdos_64_eg/HypostructureErdos64EG/Node153.lean,examples/hypostructure_parity/HypostructureParity/Erdos64EG/Node153.lean,fresh,missing,not_run,not_assessed,not_captured,generated/examples/erdos-64.json,inventoried,clean baseline not frozen
154,original_erdos_64_proof.tex node 154,153,examples/erdos_64_eg/Erdos64EG/Node154.lean,,node 153 residual,bounded-germ trichotomy,,,examples/hypostructure_erdos_64_eg/HypostructureErdos64EG/Node154.lean,examples/hypostructure_parity/HypostructureParity/Erdos64EG/Node154.lean,fresh,missing,not_run,not_assessed,not_captured,,inventoried,clean baseline not frozen
155,original_erdos_64_proof.tex node 155,154,examples/erdos_64_eg/Erdos64EG/Node155.lean,,node 154 residual,G1 dyadic-cycle terminal,,ct.ct1,examples/hypostructure_erdos_64_eg/HypostructureErdos64EG/Node155.lean,examples/hypostructure_parity/HypostructureParity/Erdos64EG/Node155.lean,fresh,missing,not_run,not_assessed,not_captured,,inventoried,clean baseline not frozen
156,original_erdos_64_proof.tex node 156,154,examples/erdos_64_eg/Erdos64EG/Node156.lean,,node 154 residual,G2 target-defect residual,,,examples/hypostructure_erdos_64_eg/HypostructureErdos64EG/Node156.lean,examples/hypostructure_parity/HypostructureParity/Erdos64EG/Node156.lean,fresh,missing,not_run,not_assessed,not_captured,,inventoried,clean baseline not frozen
157,original_erdos_64_proof.tex node 157,154,examples/erdos_64_eg/Erdos64EG/Node157.lean,,node 154 residual,G3 same-interface compression,,,examples/hypostructure_erdos_64_eg/HypostructureErdos64EG/Node157.lean,examples/hypostructure_parity/HypostructureParity/Erdos64EG/Node157.lean,fresh,missing,not_run,not_assessed,not_captured,,inventoried,clean baseline not frozen
